record_id,batch,source_file,page,source_task_id,source_order,task_title,raw_title,l1_scene,l2_skill,normalized_key,l1_scene_en,l2_skill_en,batch_label,task_title_en
batch2:001,batch2,tacWAM_触觉数据采集第二批(1).pdf,1,F1,1,给记号笔盖上笔帽并拔下,给记号笔盖上笔帽并拔下（难度：易）,办公室,插入/拔出/对准,给记号笔盖上笔帽并拔下,Office,Insert / Remove / Align,Batch 2,Cap and uncap a marker
batch2:002,batch2,tacWAM_触觉数据采集第二批(1).pdf,1,F2,2,将吸管插入一次性塑料杯盖并拔出,将吸管插入一次性塑料杯盖并拔出（难度：易）,厨房,插入/拔出/对准,将吸管插入一次性杯盖并拔出,Kitchen,Insert / Remove / Align,Batch 2,Insert a straw into a disposable plastic cup lid and remove it
batch2:003,batch2,tacWAM_触觉数据采集第二批(1).pdf,1,F3,3,沿四周压紧收纳盒盖并打开,沿四周压紧收纳盒盖并打开（难度：易）,厨房,开合/密封,沿四周压紧收纳盒盖并打开,Kitchen,Open / Close / Seal,Batch 2,"Press around a storage-box lid to seal it, then open it"
batch2:004,batch2,tacWAM_触觉数据采集第二批(1).pdf,1,F4,4,将电池装入电池槽,将电池装入电池槽（难度：中）,工具台,插入/拔出/对准,将电池装入电池槽,Workbench,Insert / Remove / Align,Batch 2,Insert a battery into a battery compartment
batch2:005,batch2,tacWAM_触觉数据采集第二批(1).pdf,2,F5,5,将充电器头压入插排并拔出,将充电器头压入插排并拔出（难度：易）,办公室,插入/拔出/对准,将充电器头压入插排并拔出,Office,Insert / Remove / Align,Batch 2,Insert a charger plug into a power strip and unplug it
batch2:006,batch2,tacWAM_触觉数据采集第二批(1).pdf,2,G1,6,用印章在纸上压出图案,用印章在纸上压出图案（难度：易）,办公室,工具操作/装配/固定,用印章在纸上压出图案,Office,Tool Use / Assembly / Fixing,Batch 2,Stamp a pattern onto paper
batch2:007,batch2,tacWAM_触觉数据采集第二批(1).pdf,2,G2,7,用记号笔沿线描画,用记号笔沿线描画（难度：易）,办公室,测量/标记/文档操作,用记号笔沿线描画,Office,Measure / Label / Document,Batch 2,Trace a line with a marker
batch2:008,batch2,tacWAM_触觉数据采集第二批(1).pdf,2,G3,8,用食品夹夹取海绵块并放入杯中,用食品夹夹取海绵块并放入杯中（难度：易）,厨房,工具操作/装配/固定,用食品夹夹取海绵块并放入杯中,Kitchen,Tool Use / Assembly / Fixing,Batch 2,Use kitchen tongs to pick up a sponge block and place it in a cup
batch2:009,batch2,tacWAM_触觉数据采集第二批(1).pdf,2,G4,9,按压喷雾瓶扳机喷一次水,按压喷雾瓶扳机喷一次水（难度：易）,厨房,主动触觉/按压/分类,按压喷雾瓶扳机喷一次水,Kitchen,Active Tactile / Press / Classify,Batch 2,Press a spray-bottle trigger once
batch2:010,batch2,tacWAM_触觉数据采集第二批(1).pdf,2,G5,10,用勺子舀取干豆并倒入杯中,用勺子舀取干豆并倒入杯中（难度：易）,厨房,固体处理/称量/过滤,用勺子舀取干豆并倒入杯中,Kitchen,Solids / Weighing / Filtration,Batch 2,Scoop dry beans with a spoon and pour them into a cup
batch2:011,batch2,tacWAM_触觉数据采集第二批(1).pdf,2,H1,11,将橡胶塞压入空塑料试管并拔出,将橡胶塞压入空塑料试管并拔出（难度：易）,实验室,插入/拔出/对准,将橡胶塞压入试管并拔出,Laboratory,Insert / Remove / Align,Batch 2,Press a rubber stopper into an empty plastic test tube and remove it
batch2:012,batch2,tacWAM_触觉数据采集第二批(1).pdf,3,H2,12,用试管夹夹住空试管并放入试管架,用试管夹夹住空试管并放入试管架（难度：易）,实验室,工具操作/装配/固定,用试管夹夹住试管并放入试管架,Laboratory,Tool Use / Assembly / Fixing,Batch 2,Use a test-tube holder to grip an empty test tube and place it in a rack
batch2:013,batch2,tacWAM_触觉数据采集第二批(1).pdf,3,H3,13,用试管刷插入空试管并旋转后拔出,用试管刷插入空试管并旋转后拔出（难度：易）,实验室,插入/拔出/对准,用试管刷插入试管并旋转后拔出,Laboratory,Insert / Remove / Align,Batch 2,"Insert a test-tube brush into an empty test tube, rotate it, and remove it"
batch2:014,batch2,tacWAM_触觉数据采集第二批(1).pdf,3,H4,14,用塑料滴管从烧杯吸水并滴入试管,用塑料滴管从烧杯吸水并滴入试管（难度：易）,实验室,移液/滴加/注射,用滴管从烧杯吸水并滴入试管,Laboratory,Pipette / Dispense / Inject,Batch 2,Use a plastic dropper to transfer water from a beaker into a test tube
batch2:015,batch2,tacWAM_触觉数据采集第二批(1).pdf,3,H5,15,用塑料搅拌棒沿烧杯内壁搅动并取出,用塑料搅拌棒沿烧杯内壁搅动并取出（难度：易）,实验室,混合/搅拌/摇匀,用搅拌棒沿烧杯内壁搅动并取出,Laboratory,Mix / Stir / Agitate,Batch 2,Stir along the inner wall of a beaker with a plastic stirring rod and remove it
batch2:016,batch2,tacWAM_触觉数据采集第二批(1).pdf,3,I1,16,将大于杯口的干海绵球压入空杯并取出,将大于杯口的干海绵球压入空杯并取出（难度：易）,厨房,插入/拔出/对准,将大于杯口的干海绵球压入杯并取出,Kitchen,Insert / Remove / Align,Batch 2,Compress a dry sponge ball through a cup opening and remove it
batch2:017,batch2,tacWAM_触觉数据采集第二批(1).pdf,3,I2,17,按压软硬不同的海绵并分类,按压软硬不同的海绵并分类（难度：易）,通用交互/主动触觉,主动触觉/按压/分类,按压软硬不同的海绵并分类,General / Active Tactile,Active Tactile / Press / Classify,Batch 2,Press sponges of different stiffness and classify them
batch2:018,batch2,tacWAM_触觉数据采集第二批(1).pdf,3,I3,18,捏压不透明软袋判断内容物可压缩性并分类,捏压不透明软袋判断内容物可压缩性并分类（难度：中）,通用交互/主动触觉,主动触觉/按压/分类,捏压不透明软袋判断内容物可压缩性并分类,General / Active Tactile,Active Tactile / Press / Classify,Batch 2,Squeeze opaque soft bags to judge compressibility and classify the contents
batch2:019,batch2,tacWAM_触觉数据采集第二批(1).pdf,3,I4,19,提举轻重不同的密封容器并分类,提举轻重不同的密封容器并分类（难度：易）,通用交互/主动触觉,主动触觉/按压/分类,提举轻重不同的密封容器并分类,General / Active Tactile,Active Tactile / Press / Classify,Batch 2,Lift sealed containers of different weights and classify them
batch2:020,batch2,tacWAM_触觉数据采集第二批(1).pdf,4,I5,20,在手中转动魔方一周,在手中转动魔方一周（难度：中）,通用交互/主动触觉,主动触觉/按压/分类,在手中转动魔方一周,General / Active Tactile,Active Tactile / Press / Classify,Batch 2,Rotate a Rubik’s Cube once in hand
batch3:001,batch3,触觉数据采集第三批任务清单(1).pdf,2,1,1,拾取烧杯并收纳至托盘,拾取烧杯并收纳至托盘,实验室,抓取/搬运/收纳,拾取烧杯并收纳至托盘,Laboratory,Pick / Move / Place,Batch 3,Pick up a beaker and place it in a tray
batch3:002,batch3,触觉数据采集第三批任务清单(1).pdf,2,2,2,拾取离心管并收纳至离心管盒,拾取离心管并收纳至离心管盒,实验室,抓取/搬运/收纳,拾取离心管并收纳至离心管盒,Laboratory,Pick / Move / Place,Batch 3,Pick up a centrifuge tube and place it in a tube box
batch3:003,batch3,触觉数据采集第三批任务清单(1).pdf,2,3,3,将胶头滴管、玻璃棒、注射器收纳至托盘,将胶头滴管、玻璃棒、注射器收纳至托盘,实验室,抓取/搬运/收纳,将胶头滴管、棒、注射器收纳至托盘,Laboratory,Pick / Move / Place,Batch 3,"Place a bulb dropper, glass rod, and syringe into a tray"
batch3:004,batch3,触觉数据采集第三批任务清单(1).pdf,2,4,4,扣合离心管连体盖并收纳到离心管盒中,扣合离心管连体盖并收纳到离心管盒中,实验室,开合/密封,扣合离心管连体盖并收纳到离心管盒中,Laboratory,Open / Close / Seal,Batch 3,Snap a hinged centrifuge-tube cap closed and place the tube in a tube box
batch3:005,batch3,触觉数据采集第三批任务清单(1).pdf,2,5,5,打开离心管连体盖,打开离心管连体盖,实验室,开合/密封,打开离心管连体盖,Laboratory,Open / Close / Seal,Batch 3,Open a hinged centrifuge-tube cap
batch3:006,batch3,触觉数据采集第三批任务清单(1).pdf,3,6,6,挤压并排空胶头滴管,挤压并排空胶头滴管,实验室,移液/滴加/注射,挤压并排胶头滴管,Laboratory,Pipette / Dispense / Inject,Batch 3,Squeeze and release an empty bulb dropper
batch3:007,batch3,触觉数据采集第三批任务清单(1).pdf,3,7,7,抽拉空注射器芯杆,抽拉空注射器芯杆,实验室,移液/滴加/注射,抽拉注射器芯杆,Laboratory,Pipette / Dispense / Inject,Batch 3,Pull out the plunger of an empty syringe
batch3:008,batch3,触觉数据采集第三批任务清单(1).pdf,3,8,8,将试管中的液体转移至烧杯,将试管中的液体转移至烧杯,实验室,液体倾倒/容器转移,将试管中的液体转移至烧杯,Laboratory,Pour / Container Transfer,Batch 3,Transfer liquid from a test tube into a beaker
batch3:009,batch3,触觉数据采集第三批任务清单(1).pdf,3,9,9,将烧杯中的液体倒入量筒,将烧杯中的液体倒入量筒,实验室,液体倾倒/容器转移,将烧杯中的液体倒入量筒,Laboratory,Pour / Container Transfer,Batch 3,Pour liquid from a beaker into a graduated cylinder
batch3:010,batch3,触觉数据采集第三批任务清单(1).pdf,3,10,10,将量筒中的液体倒入烧杯,将量筒中的液体倒入烧杯,实验室,液体倾倒/容器转移,将量筒中的液体倒入烧杯,Laboratory,Pour / Container Transfer,Batch 3,Pour liquid from a graduated cylinder into a beaker
batch3:011,batch3,触觉数据采集第三批任务清单(1).pdf,3,11,11,将烧杯中的液体用胶头滴管转移到离心管，并扣紧盖子收纳到离心管盒中,将烧杯中的液体用胶头滴管转移到离心管，并扣紧盖子收纳到离心管盒中,实验室,移液/滴加/注射,将烧杯中的液体用胶头滴管转移到离心管，并扣紧盖子收纳到离心管盒中,Laboratory,Pipette / Dispense / Inject,Batch 3,"Transfer liquid from a beaker to a centrifuge tube with a bulb dropper, close the cap, and store the tube"
batch3:012,batch3,触觉数据采集第三批任务清单(1).pdf,4,12,12,用试管夹夹取试管并轻微摇晃混匀,用试管夹夹取试管并轻微摇晃混匀,实验室,混合/搅拌/摇匀,用试管夹夹取试管并轻微摇晃混匀,Laboratory,Mix / Stir / Agitate,Batch 3,Grip a test tube with a holder and gently agitate it to mix
batch3:013,batch3,触觉数据采集第三批任务清单(1).pdf,4,13,13,用试管夹夹取试管并在试管架内更换孔位,用试管夹夹取试管并在试管架内更换孔位,实验室,插入/拔出/对准,用试管夹夹取试管并在试管架内更换孔位,Laboratory,Insert / Remove / Align,Batch 3,Use a test-tube holder to move a test tube to another rack position
batch3:014,batch3,触觉数据采集第三批任务清单(1).pdf,4,14,14,用注射器抽取烧杯中的液体注液入试管,用注射器抽取烧杯中的液体注液入试管,实验室,移液/滴加/注射,用注射器抽取烧杯中的液体注液入试管,Laboratory,Pipette / Dispense / Inject,Batch 3,Use a syringe to draw liquid from a beaker and dispense it into a test tube
batch3:015,batch3,触觉数据采集第三批任务清单(1).pdf,4,15,15,把离心管中的液体滴加到烧杯中并用玻璃棒搅拌,把离心管中的液体滴加到烧杯中并用玻璃棒搅拌,实验室,混合/搅拌/摇匀,把离心管中的液体滴加到烧杯中并用棒搅拌,Laboratory,Mix / Stir / Agitate,Batch 3,Add liquid from a centrifuge tube to a beaker and stir with a glass rod
batch4:001,batch4,第四批数据-补充了额外的数据(1).pdf,2,01,1,旋开玻璃试剂瓶盖并放置到托盘中,旋开玻璃试剂瓶盖并放置到托盘中,实验室,开合/密封,旋开试剂瓶盖并放置到托盘中,Laboratory,Open / Close / Seal,Batch 4,Unscrew a glass reagent-bottle cap and place it on a tray
batch4:002,batch4,第四批数据-补充了额外的数据(1).pdf,2,02,2,将玻璃漏斗安装到窄口玻璃试剂瓶,将玻璃漏斗安装到窄口玻璃试剂瓶,实验室,插入/拔出/对准,将漏斗安装到窄口试剂瓶,Laboratory,Insert / Remove / Align,Batch 4,Install a glass funnel in a narrow-neck glass reagent bottle
batch4:003,batch4,第四批数据-补充了额外的数据(1).pdf,3,03,3,将清洗后的玻璃试管倒置放入沥水架,将清洗后的玻璃试管倒置放入沥水架,实验室,清洗/擦拭/排液,将试管倒置放入沥水架,Laboratory,Rinse / Wipe / Drain,Batch 4,Invert a cleaned glass test tube onto a drying rack
batch4:004,batch4,第四批数据-补充了额外的数据(1).pdf,3,04,4,将清洗后的玻璃烧杯倒扣到沥水托盘,将清洗后的玻璃烧杯倒扣到沥水托盘,实验室,清洗/擦拭/排液,将烧杯倒扣到沥水托盘,Laboratory,Rinse / Wipe / Drain,Batch 4,Invert a cleaned glass beaker onto a drying tray
batch4:005,batch4,第四批数据-补充了额外的数据(1).pdf,3,05,5,拿起移液枪并空按操作按钮,拿起移液枪并空按操作按钮,实验室,移液/滴加/注射,拿起移液枪并按操作按钮,Laboratory,Pipette / Dispense / Inject,Batch 4,Pick up a pipette and press the plunger through both stops
batch4:006,batch4,第四批数据-补充了额外的数据(1).pdf,4,01,6,使用1 mL移液枪安装枪头、吸取烧杯液体并向玻璃试管加样,使用1 mL移液枪安装枪头、吸取烧杯液体并向玻璃试管加样,实验室,移液/滴加/注射,使用移液枪安装枪头、吸取烧杯液体并向试管加样,Laboratory,Pipette / Dispense / Inject,Batch 4,"Attach a tip to a 1 mL pipette, aspirate from a beaker, and dispense into a glass test tube"
batch4:007,batch4,第四批数据-补充了额外的数据(1).pdf,4,02,7,玻璃试剂瓶中的着色清水倒入烧杯至标记线,玻璃试剂瓶中的着色清水倒入烧杯至标记线,实验室,液体倾倒/容器转移,试剂瓶中的倒入烧杯至标记线,Laboratory,Pour / Container Transfer,Batch 4,Pour colored water from a glass reagent bottle into a beaker to a target line
batch4:008,batch4,第四批数据-补充了额外的数据(1).pdf,5,03,8,通过玻璃漏斗将烧杯中的缓冲液转移回玻璃试剂瓶,通过玻璃漏斗将烧杯中的缓冲液转移回玻璃试剂瓶,实验室,液体倾倒/容器转移,通过漏斗将烧杯中的缓冲液转移回试剂瓶,Laboratory,Pour / Container Transfer,Batch 4,Transfer buffer from a beaker back into a glass reagent bottle through a glass funnel
batch4:009,batch4,第四批数据-补充了额外的数据(1).pdf,5,04,9,将烧杯中的培养液转移到玻璃锥形瓶,将烧杯中的培养液转移到玻璃锥形瓶,实验室,液体倾倒/容器转移,将烧杯中的培养液转移到锥形瓶,Laboratory,Pour / Container Transfer,Batch 4,Transfer culture-medium simulant from a beaker into a glass Erlenmeyer flask
batch4:010,batch4,第四批数据-补充了额外的数据(1).pdf,5,05,10,双手持玻璃锥形瓶做圆周摇匀,双手持玻璃锥形瓶做圆周摇匀,实验室,混合/搅拌/摇匀,双手持锥形瓶做圆周摇匀,Laboratory,Mix / Stir / Agitate,Batch 4,Swirl a glass Erlenmeyer flask with both hands
batch4:011,batch4,第四批数据-补充了额外的数据(1).pdf,6,06,11,重新旋紧使用后的玻璃试剂瓶盖,重新旋紧使用后的玻璃试剂瓶盖,实验室,开合/密封,重新旋紧使用后的试剂瓶盖,Laboratory,Open / Close / Seal,Batch 4,Retighten the cap on a used glass reagent bottle
batch4:012,batch4,第四批数据-补充了额外的数据(1).pdf,6,07,12,将密闭玻璃试剂瓶上下倒置混匀,将密闭玻璃试剂瓶上下倒置混匀,实验室,混合/搅拌/摇匀,将试剂瓶上下倒置混匀,Laboratory,Mix / Stir / Agitate,Batch 4,Mix a sealed glass reagent bottle by repeated inversion
batch4:013,batch4,第四批数据-补充了额外的数据(1).pdf,6,08,13,用冲洗瓶冲洗玻璃试管并将冲洗液倒入废液烧杯,用冲洗瓶冲洗玻璃试管并将冲洗液倒入废液烧杯,实验室,清洗/擦拭/排液,用冲洗瓶冲洗试管并将冲洗液倒入废液烧杯,Laboratory,Rinse / Wipe / Drain,Batch 4,Rinse a glass test tube with a wash bottle and pour the rinse into a waste beaker
batch4:014,batch4,第四批数据-补充了额外的数据(1).pdf,7,09,14,用试管刷清洁玻璃试管内壁,用试管刷清洁玻璃试管内壁,实验室,清洗/擦拭/排液,用试管刷清洁试管内壁,Laboratory,Rinse / Wipe / Drain,Batch 4,Clean the inner wall of a glass test tube with a test-tube brush
batch4:015,batch4,第四批数据-补充了额外的数据(1).pdf,7,10,15,用试管刷清洁玻璃试剂瓶内壁,用试管刷清洁玻璃试剂瓶内壁,实验室,清洗/擦拭/排液,用试管刷清洁试剂瓶内壁,Laboratory,Rinse / Wipe / Drain,Batch 4,Clean the inner wall of a glass reagent bottle with a bottle brush
batch4:016,batch4,第四批数据-补充了额外的数据(1).pdf,7,11,16,用清水旋洗玻璃烧杯并将冲洗液倒入废液烧杯,用清水旋洗玻璃烧杯并将冲洗液倒入废液烧杯,实验室,清洗/擦拭/排液,用旋洗烧杯并将冲洗液倒入废液烧杯,Laboratory,Rinse / Wipe / Drain,Batch 4,Swirl-rinse a glass beaker with water and pour the rinse into a waste beaker
batch4:017,batch4,第四批数据-补充了额外的数据(1).pdf,7,12,17,使用1 mL移液枪将烧杯中的液体等量分装到两支玻璃试管,使用1 mL移液枪将烧杯中的液体等量分装到两支玻璃试管,实验室,移液/滴加/注射,使用移液枪将烧杯中的液体等量分装到两支试管,Laboratory,Pipette / Dispense / Inject,Batch 4,Use a 1 mL pipette to dispense equal volumes from a beaker into two glass test tubes
batch4:018,batch4,第四批数据-补充了额外的数据(1).pdf,8,13,18,使用1 mL移液枪在玻璃试管内吸打混匀液体,使用1 mL移液枪在玻璃试管内吸打混匀液体,实验室,移液/滴加/注射,使用移液枪在试管内吸打混匀液体,Laboratory,Pipette / Dispense / Inject,Batch 4,Mix liquid inside a glass test tube by pipetting up and down with a 1 mL pipette
batch4:019,batch4,第四批数据-补充了额外的数据(1).pdf,8,14,19,将烧杯中的缓冲液倒入玻璃量筒至目标刻度,将烧杯中的缓冲液倒入玻璃量筒至目标刻度,实验室,液体倾倒/容器转移,将烧杯中的缓冲液倒入量筒至目标刻度,Laboratory,Pour / Container Transfer,Batch 4,Pour buffer from a beaker into a glass graduated cylinder to a target mark
batch4:020,batch4,第四批数据-补充了额外的数据(1).pdf,8,15,20,将玻璃量筒中的液体转移到玻璃锥形瓶,将玻璃量筒中的液体转移到玻璃锥形瓶,实验室,液体倾倒/容器转移,将量筒中的液体转移到锥形瓶,Laboratory,Pour / Container Transfer,Batch 4,Transfer liquid from a glass graduated cylinder into a glass Erlenmeyer flask
batch4:021,batch4,第四批数据-补充了额外的数据(1).pdf,8,16,21,使用玻璃棒搅拌烧杯中的缓冲液至颗粒基本溶解,使用玻璃棒搅拌烧杯中的缓冲液至颗粒基本溶解,实验室,混合/搅拌/摇匀,使用棒搅拌烧杯中的缓冲液至颗粒基本溶解,Laboratory,Mix / Stir / Agitate,Batch 4,Stir buffer in a beaker with a glass rod until most particles dissolve
batch4:022,batch4,第四批数据-补充了额外的数据(1).pdf,10,01,22,给50 mL离心管粘贴样品标签,给50 mL离心管粘贴样品标签,实验室,测量/标记/文档操作,给离心管粘贴样品标签,Laboratory,Measure / Label / Document,Batch 4,Apply a sample label to a 50 mL centrifuge tube
batch4:023,batch4,第四批数据-补充了额外的数据(1).pdf,10,02,23,用铝箔覆盖玻璃烧杯口,用铝箔覆盖玻璃烧杯口,实验室,柔性物/包扎/包装/折叠,用铝箔覆盖烧杯口,Laboratory,Flexible Materials / Wrap / Fold,Batch 4,Cover a glass beaker with aluminum foil
batch4:024,batch4,第四批数据-补充了额外的数据(1).pdf,10,03,24,从玻璃烧杯口取下铝箔盖,从玻璃烧杯口取下铝箔盖,实验室,开合/密封,从烧杯口取下铝箔盖,Laboratory,Open / Close / Seal,Batch 4,Remove the aluminum-foil cover from a glass beaker
batch4:025,batch4,第四批数据-补充了额外的数据(1).pdf,11,04,25,垂直取下玻璃培养皿上盖,垂直取下玻璃培养皿上盖,实验室,开合/密封,垂直取下培养皿上盖,Laboratory,Open / Close / Seal,Batch 4,Lift the lid vertically from a glass Petri dish
batch4:026,batch4,第四批数据-补充了额外的数据(1).pdf,11,05,26,对准并盖回玻璃培养皿上盖,对准并盖回玻璃培养皿上盖,实验室,开合/密封,对准并盖回培养皿上盖,Laboratory,Open / Close / Seal,Batch 4,Align and replace the lid on a glass Petri dish
batch4:027,batch4,第四批数据-补充了额外的数据(1).pdf,11,06,27,将锥形瓶中的培养基模拟液倒入玻璃培养皿,将锥形瓶中的培养基模拟液倒入玻璃培养皿,实验室,液体倾倒/容器转移,将锥形瓶中的培养基液倒入培养皿,Laboratory,Pour / Container Transfer,Batch 4,Pour culture-medium simulant from an Erlenmeyer flask into a glass Petri dish
batch4:028,batch4,第四批数据-补充了额外的数据(1).pdf,11,07,28,将装有液体的培养皿水平移动到托盘中,将装有液体的培养皿水平移动到托盘中,实验室,抓取/搬运/收纳,将装有液体的培养皿水平移动到托盘中,Laboratory,Pick / Move / Place,Batch 4,Move a Petri dish containing liquid horizontally onto a tray
batch4:029,batch4,第四批数据-补充了额外的数据(1).pdf,11,08,29,使用1 mL移液枪向稀释液中加入母液,使用1 mL移液枪向稀释液中加入母液,实验室,移液/滴加/注射,使用移液枪向稀释液中加入母液,Laboratory,Pipette / Dispense / Inject,Batch 4,Use a 1 mL pipette to add stock solution to a dilution tube
batch4:030,batch4,第四批数据-补充了额外的数据(1).pdf,12,09,30,将密闭离心管在双掌间缓慢滚动混匀,将密闭离心管在双掌间缓慢滚动混匀,实验室,混合/搅拌/摇匀,将离心管在双掌间缓慢滚动混匀,Laboratory,Mix / Stir / Agitate,Batch 4,Roll a sealed centrifuge tube slowly between both palms to mix
batch4:031,batch4,第四批数据-补充了额外的数据(1).pdf,12,10,31,将圆形滤纸对折成四分之一圆,将圆形滤纸对折成四分之一圆,实验室,固体处理/称量/过滤,将圆形滤纸对折成四分之一圆,Laboratory,Solids / Weighing / Filtration,Batch 4,Fold a circular filter paper into a quarter circle
batch4:032,batch4,第四批数据-补充了额外的数据(1).pdf,13,11,32,将折叠滤纸展开并放入玻璃漏斗,将折叠滤纸展开并放入玻璃漏斗,实验室,固体处理/称量/过滤,将折叠滤纸展开并放入漏斗,Laboratory,Solids / Weighing / Filtration,Batch 4,Open folded filter paper into a cone and place it in a glass funnel
batch4:033,batch4,第四批数据-补充了额外的数据(1).pdf,13,12,33,使用冲洗瓶润湿漏斗中的滤纸,使用冲洗瓶润湿漏斗中的滤纸,实验室,固体处理/称量/过滤,使用冲洗瓶润湿漏斗中的滤纸,Laboratory,Solids / Weighing / Filtration,Batch 4,Wet filter paper in a funnel with a wash bottle
batch4:034,batch4,第四批数据-补充了额外的数据(1).pdf,14,13,34,将温度计插入烧杯中的液体,将温度计插入烧杯中的液体,实验室,插入/拔出/对准,将温度计插入烧杯中的液体,Laboratory,Insert / Remove / Align,Batch 4,Insert a thermometer into liquid in a beaker
batch4:035,batch4,第四批数据-补充了额外的数据(1).pdf,14,14,35,将空称量船放到电子天平并归零,将空称量船放到电子天平并归零,实验室,固体处理/称量/过滤,将称量船放到电子天平并归零,Laboratory,Solids / Weighing / Filtration,Batch 4,Place an empty weighing boat on an electronic balance and tare it
batch4:036,batch4,第四批数据-补充了额外的数据(1).pdf,14,15,36,使用药匙称取目标质量的粗盐,使用药匙称取目标质量的粗盐,实验室,固体处理/称量/过滤,使用药匙称取目标质量的粗盐,Laboratory,Solids / Weighing / Filtration,Batch 4,Use a spatula to weigh a target mass of coarse salt
batch4:037,batch4,第四批数据-补充了额外的数据(1).pdf,14,16,37,将称量纸上的粗盐转移到烧杯中,将称量纸上的粗盐转移到烧杯中,实验室,固体处理/称量/过滤,将称量纸上的粗盐转移到烧杯中,Laboratory,Solids / Weighing / Filtration,Batch 4,Transfer coarse salt from weighing paper into a beaker
batch4:038,batch4,第四批数据-补充了额外的数据(1).pdf,14,17,38,使用冲洗瓶将称量纸残留颗粒冲入烧杯,使用冲洗瓶将称量纸残留颗粒冲入烧杯,实验室,固体处理/称量/过滤,使用冲洗瓶将称量纸残留颗粒冲入烧杯,Laboratory,Solids / Weighing / Filtration,Batch 4,Use a wash bottle to rinse residual particles from weighing paper into a beaker
batch4:039,batch4,第四批数据-补充了额外的数据(1).pdf,15,18,39,使用胶头滴管向玻璃培养皿中滴加模拟培养液,使用胶头滴管向玻璃培养皿中滴加模拟培养液,实验室,移液/滴加/注射,使用胶头滴管向培养皿中滴加培养液,Laboratory,Pipette / Dispense / Inject,Batch 4,Use a bulb dropper to add simulated culture medium to a glass Petri dish
batch4:040,batch4,第四批数据-补充了额外的数据(1).pdf,15,19,40,使用1 mL移液枪向玻璃培养皿中定量加液,使用1 mL移液枪向玻璃培养皿中定量加液,实验室,移液/滴加/注射,使用移液枪向培养皿中定量加液,Laboratory,Pipette / Dispense / Inject,Batch 4,Use a 1 mL pipette to dispense a measured volume into a glass Petri dish
batch4:041,batch4,第四批数据-补充了额外的数据(1).pdf,15,20,41,向装有液体的培养皿中加入少量粗盐颗粒,向装有液体的培养皿中加入少量粗盐颗粒,实验室,固体处理/称量/过滤,向装有液体的培养皿中加入粗盐颗粒,Laboratory,Solids / Weighing / Filtration,Batch 4,Add a small amount of coarse salt to a Petri dish containing liquid
batch4:042,batch4,第四批数据-补充了额外的数据(1).pdf,16,21,42,在盖合后的玻璃培养皿底皿外侧粘贴样品标签,在盖合后的玻璃培养皿底皿外侧粘贴样品标签,实验室,测量/标记/文档操作,在盖合后的培养皿底皿外侧粘贴样品标签,Laboratory,Measure / Label / Document,Batch 4,Apply a sample label to the outside of a closed glass Petri-dish base
batch5_extra:001,batch5_extra,第五批额外补充任务(1)(1).pdf,2,01,1,旋开宽口塑料试剂瓶盖并放到托盘中,旋开宽口塑料试剂瓶盖并放到托盘中,实验室,开合/密封,旋开试剂瓶盖并放到托盘中,Laboratory,Open / Close / Seal,Batch 5 Supplement,Unscrew a wide-mouth plastic reagent-bottle cap and place it on a tray
batch5_extra:002,batch5_extra,第五批额外补充任务(1)(1).pdf,2,02,2,对准并旋紧宽口塑料试剂瓶盖,对准并旋紧宽口塑料试剂瓶盖,实验室,开合/密封,对准并旋紧试剂瓶盖,Laboratory,Open / Close / Seal,Batch 5 Supplement,Align and tighten a wide-mouth plastic reagent-bottle cap
batch5_extra:003,batch5_extra,第五批额外补充任务(1)(1).pdf,2,03,3,将空塑料量筒从托盘取出并直立放到防滑垫,将空塑料量筒从托盘取出并直立放到防滑垫,实验室,抓取/搬运/收纳,将量筒从托盘取出并直立放到防滑垫,Laboratory,Pick / Move / Place,Batch 5 Supplement,Remove an empty plastic graduated cylinder from a tray and place it upright on a non-slip mat
batch5_extra:004,batch5_extra,第五批额外补充任务(1)(1).pdf,2,04,4,将清洗后的塑料量筒倒置放到沥水架,将清洗后的塑料量筒倒置放到沥水架,实验室,清洗/擦拭/排液,将量筒倒置放到沥水架,Laboratory,Rinse / Wipe / Drain,Batch 5 Supplement,Invert a cleaned plastic graduated cylinder onto a drying rack
batch5_extra:005,batch5_extra,第五批额外补充任务(1)(1).pdf,3,05,5,将橡胶塞压入普通大口试管,将橡胶塞压入普通大口试管,实验室,插入/拔出/对准,将橡胶塞压入大口试管,Laboratory,Insert / Remove / Align,Batch 5 Supplement,Press a rubber stopper into a standard wide-mouth test tube
batch5_extra:006,batch5_extra,第五批额外补充任务(1)(1).pdf,3,06,6,从普通大口试管口拔出橡胶塞,从普通大口试管口拔出橡胶塞,实验室,插入/拔出/对准,从大口试管口拔出橡胶塞,Laboratory,Insert / Remove / Align,Batch 5 Supplement,Remove a rubber stopper from a standard wide-mouth test tube
batch5_extra:007,batch5_extra,第五批额外补充任务(1)(1).pdf,3,07,7,使用试管夹从试管架取出空试管,使用试管夹从试管架取出空试管,实验室,工具操作/装配/固定,使用试管夹从试管架取出试管,Laboratory,Tool Use / Assembly / Fixing,Batch 5 Supplement,Use a test-tube holder to remove an empty test tube from a rack
batch5_extra:008,batch5_extra,第五批额外补充任务(1)(1).pdf,4,08,8,使用试管夹将空试管放回试管架,使用试管夹将空试管放回试管架,实验室,工具操作/装配/固定,使用试管夹将试管放回试管架,Laboratory,Tool Use / Assembly / Fixing,Batch 5 Supplement,Use a test-tube holder to return an empty test tube to a rack
batch5_extra:009,batch5_extra,第五批额外补充任务(1)(1).pdf,4,09,9,将普通大口试管从试管架移动到另一孔位,将普通大口试管从试管架移动到另一孔位,实验室,插入/拔出/对准,将大口试管从试管架移动到另一孔位,Laboratory,Insert / Remove / Align,Batch 5 Supplement,Move a standard wide-mouth test tube to another rack position
batch5_extra:010,batch5_extra,第五批额外补充任务(1)(1).pdf,4,10,10,将三支普通大口试管整齐放入试管架,将三支普通大口试管整齐放入试管架,实验室,抓取/搬运/收纳,将三支大口试管整齐放入试管架,Laboratory,Pick / Move / Place,Batch 5 Supplement,Place three standard wide-mouth test tubes neatly into a rack
batch5_extra:011,batch5_extra,第五批额外补充任务(1)(1).pdf,4,11,11,垂直取下塑料培养皿上盖,垂直取下塑料培养皿上盖,实验室,开合/密封,垂直取下培养皿上盖,Laboratory,Open / Close / Seal,Batch 5 Supplement,Lift the lid vertically from a plastic Petri dish
batch5_extra:012,batch5_extra,第五批额外补充任务(1)(1).pdf,5,12,12,对准并盖回塑料培养皿上盖,对准并盖回塑料培养皿上盖,实验室,开合/密封,对准并盖回培养皿上盖,Laboratory,Open / Close / Seal,Batch 5 Supplement,Align and replace the lid on a plastic Petri dish
batch5_extra:013,batch5_extra,第五批额外补充任务(1)(1).pdf,5,13,13,从塑料试剂瓶向塑料量筒倒水至目标刻度,从塑料试剂瓶向塑料量筒倒水至目标刻度,实验室,液体倾倒/容器转移,从试剂瓶向量筒倒水至目标刻度,Laboratory,Pour / Container Transfer,Batch 5 Supplement,Pour water from a plastic reagent bottle into a plastic graduated cylinder to a target mark
batch5_extra:014,batch5_extra,第五批额外补充任务(1)(1).pdf,5,14,14,将塑料量筒中的定量清水转移到塑料烧杯,将塑料量筒中的定量清水转移到塑料烧杯,实验室,液体倾倒/容器转移,将量筒中的定量转移到烧杯,Laboratory,Pour / Container Transfer,Batch 5 Supplement,Transfer a measured volume of water from a plastic graduated cylinder into a plastic beaker
batch5_extra:015,batch5_extra,第五批额外补充任务(1)(1).pdf,6,15,15,使用塑料漏斗给洗瓶补充清水,使用塑料漏斗给洗瓶补充清水,实验室,液体倾倒/容器转移,使用漏斗给洗瓶补充,Laboratory,Pour / Container Transfer,Batch 5 Supplement,Refill a wash bottle with water through a plastic funnel
batch5_extra:016,batch5_extra,第五批额外补充任务(1)(1).pdf,6,16,16,使用洗瓶冲洗塑料烧杯内壁并将冲洗液倒入废液烧杯,使用洗瓶冲洗塑料烧杯内壁并将冲洗液倒入废液烧杯,实验室,清洗/擦拭/排液,使用洗瓶冲洗烧杯内壁并将冲洗液倒入废液烧杯,Laboratory,Rinse / Wipe / Drain,Batch 5 Supplement,Rinse the inner wall of a plastic beaker with a wash bottle and pour the rinse into a waste beaker
batch5_extra:017,batch5_extra,第五批额外补充任务(1)(1).pdf,6,17,17,使用大号塑料转移滴管向普通试管加液至标记线,使用大号塑料转移滴管向普通试管加液至标记线,实验室,移液/滴加/注射,使用转移滴管向试管加液至标记线,Laboratory,Pipette / Dispense / Inject,Batch 5 Supplement,Use a large plastic transfer pipette to fill a test tube to a target line
batch5_extra:018,batch5_extra,第五批额外补充任务(1)(1).pdf,6,18,18,使用大号塑料转移滴管将液体从一支试管转移到另一支,使用大号塑料转移滴管将液体从一支试管转移到另一支,实验室,移液/滴加/注射,使用转移滴管将液体从一支试管转移到另一支,Laboratory,Pipette / Dispense / Inject,Batch 5 Supplement,Use a large plastic transfer pipette to move liquid from one test tube to another
batch5_extra:019,batch5_extra,第五批额外补充任务(1)(1).pdf,7,19,19,使用大号塑料转移滴管向塑料培养皿中加入模拟培养液,使用大号塑料转移滴管向塑料培养皿中加入模拟培养液,实验室,移液/滴加/注射,使用转移滴管向培养皿中加入培养液,Laboratory,Pipette / Dispense / Inject,Batch 5 Supplement,Use a large plastic transfer pipette to add simulated culture medium to a plastic Petri dish
batch5_extra:020,batch5_extra,第五批额外补充任务(1)(1).pdf,7,20,20,使用大号塑料转移滴管将培养皿中的液体移入废液烧杯,使用大号塑料转移滴管将培养皿中的液体移入废液烧杯,实验室,移液/滴加/注射,使用转移滴管将培养皿中的液体移入废液烧杯,Laboratory,Pipette / Dispense / Inject,Batch 5 Supplement,Use a large plastic transfer pipette to move liquid from a Petri dish into a waste beaker
batch5_extra:021,batch5_extra,第五批额外补充任务(1)(1).pdf,7,21,21,将塑料烧杯中的模拟液体转移到塑料锥形瓶,将塑料烧杯中的模拟液体转移到塑料锥形瓶,实验室,液体倾倒/容器转移,将烧杯中的液体转移到锥形瓶,Laboratory,Pour / Container Transfer,Batch 5 Supplement,Transfer simulated liquid from a plastic beaker into a plastic Erlenmeyer flask
batch5_extra:022,batch5_extra,第五批额外补充任务(1)(1).pdf,8,22,22,双手持塑料锥形瓶做圆周摇匀,双手持塑料锥形瓶做圆周摇匀,实验室,混合/搅拌/摇匀,双手持锥形瓶做圆周摇匀,Laboratory,Mix / Stir / Agitate,Batch 5 Supplement,Swirl a plastic Erlenmeyer flask with both hands
batch5_extra:023,batch5_extra,第五批额外补充任务(1)(1).pdf,8,23,23,将带盖塑料培养皿水平移动到实验托盘,将带盖塑料培养皿水平移动到实验托盘,实验室,抓取/搬运/收纳,将培养皿水平移动到实验托盘,Laboratory,Pick / Move / Place,Batch 5 Supplement,Move a lidded plastic Petri dish horizontally onto a lab tray
batch5_extra:024,batch5_extra,第五批额外补充任务(1)(1).pdf,8,24,24,将塑料培养皿中的模拟废液倒入废液烧杯,将塑料培养皿中的模拟废液倒入废液烧杯,实验室,液体倾倒/容器转移,将培养皿中的废液倒入废液烧杯,Laboratory,Pour / Container Transfer,Batch 5 Supplement,Pour simulated waste liquid from a plastic Petri dish into a waste beaker
batch5_extra:025,batch5_extra,第五批额外补充任务(1)(1).pdf,9,25,25,使用洗瓶冲洗塑料培养皿并倒出冲洗液,使用洗瓶冲洗塑料培养皿并倒出冲洗液,实验室,清洗/擦拭/排液,使用洗瓶冲洗培养皿并倒出冲洗液,Laboratory,Rinse / Wipe / Drain,Batch 5 Supplement,Rinse a plastic Petri dish with a wash bottle and pour out the rinse
batch5_extra:026,batch5_extra,第五批额外补充任务(1)(1).pdf,9,26,26,使用药匙将粗盐从储存杯加入大号称量船,使用药匙将粗盐从储存杯加入大号称量船,实验室,固体处理/称量/过滤,使用药匙将粗盐从储存杯加入称量船,Laboratory,Solids / Weighing / Filtration,Batch 5 Supplement,Use a spatula to transfer coarse salt from a storage cup into a large weighing boat
batch5_extra:027,batch5_extra,第五批额外补充任务(1)(1).pdf,9,27,27,将大号称量船中的粗盐倒入塑料烧杯,将大号称量船中的粗盐倒入塑料烧杯,实验室,固体处理/称量/过滤,将称量船中的粗盐倒入烧杯,Laboratory,Solids / Weighing / Filtration,Batch 5 Supplement,Pour coarse salt from a large weighing boat into a plastic beaker
batch5_extra:028,batch5_extra,第五批额外补充任务(1)(1).pdf,9,28,28,使用塑料搅拌棒搅拌烧杯中的盐水,使用塑料搅拌棒搅拌烧杯中的盐水,实验室,混合/搅拌/摇匀,使用搅拌棒搅拌烧杯中的盐水,Laboratory,Mix / Stir / Agitate,Batch 5 Supplement,Stir salt water in a beaker with a plastic stirring rod
batch5_extra:029,batch5_extra,第五批额外补充任务(1)(1).pdf,10,29,29,通过滤纸将含粗砂的混合液过滤到塑料试剂瓶,通过滤纸将含粗砂的混合液过滤到塑料试剂瓶,实验室,固体处理/称量/过滤,通过滤纸将含粗砂的混合液过滤到试剂瓶,Laboratory,Solids / Weighing / Filtration,Batch 5 Supplement,Filter a coarse-sand mixture through filter paper into a plastic reagent bottle
batch5_extra:030,batch5_extra,第五批额外补充任务(1)(1).pdf,10,30,30,使用洗瓶冲洗过滤漏斗内壁并收集冲洗液,使用洗瓶冲洗过滤漏斗内壁并收集冲洗液,实验室,固体处理/称量/过滤,使用洗瓶冲洗过滤漏斗内壁并收集冲洗液,Laboratory,Solids / Weighing / Filtration,Batch 5 Supplement,Rinse the inner wall of a filtration funnel with a wash bottle and collect the rinse
batch5_extra:031,batch5_extra,第五批额外补充任务(1)(1).pdf,13,31,31,使用1 mL移液枪移除离心管中过量液体至目标刻度,使用1 mL移液枪移除离心管中过量液体至目标刻度,实验室,移液/滴加/注射,使用移液枪移除离心管中过量液体至目标刻度,Laboratory,Pipette / Dispense / Inject,Batch 5 Supplement,Use a 1 mL pipette to remove excess liquid from a centrifuge tube to a target level
batch5_extra:032,batch5_extra,第五批额外补充任务(1)(1).pdf,14,32,32,使用1 mL移液枪吸取模拟沉淀上方的清液,使用1 mL移液枪吸取模拟沉淀上方的清液,实验室,移液/滴加/注射,使用移液枪吸取沉淀上方的清液,Laboratory,Pipette / Dispense / Inject,Batch 5 Supplement,Use a 1 mL pipette to aspirate supernatant above a simulated pellet
batch5_extra:033,batch5_extra,第五批额外补充任务(1)(1).pdf,15,33,33,使用1 mL移液枪收集倾斜烧杯底部的少量残液,使用1 mL移液枪收集倾斜烧杯底部的少量残液,实验室,移液/滴加/注射,使用移液枪收集倾斜烧杯底部的残液,Laboratory,Pipette / Dispense / Inject,Batch 5 Supplement,Use a 1 mL pipette to collect a small residual volume from the bottom of a tilted beaker
batch5_extra:034,batch5_extra,第五批额外补充任务(1)(1).pdf,16,34,34,使用1 mL移液枪将离心管内壁残留液滴冲到底部,使用1 mL移液枪将离心管内壁残留液滴冲到底部,实验室,移液/滴加/注射,使用移液枪将离心管内壁残留液滴冲到底部,Laboratory,Pipette / Dispense / Inject,Batch 5 Supplement,Use a 1 mL pipette to rinse residual droplets on the inner wall of a centrifuge tube to the bottom
batch5_extra:035,batch5_extra,第五批额外补充任务(1)(1).pdf,16,35,35,使用1 mL移液枪向大号pH试纸滴加模拟样液,使用1 mL移液枪向大号pH试纸滴加模拟样液,实验室,移液/滴加/注射,使用移液枪向pH试纸滴加样液,Laboratory,Pipette / Dispense / Inject,Batch 5 Supplement,Use a 1 mL pipette to dispense simulated sample onto a large pH strip
batch5_extra:036,batch5_extra,第五批额外补充任务(1)(1).pdf,17,36,36,使用1 mL移液枪润湿大号棉签头,使用1 mL移液枪润湿大号棉签头,实验室,移液/滴加/注射,使用移液枪润湿棉签头,Laboratory,Pipette / Dispense / Inject,Batch 5 Supplement,Use a 1 mL pipette to wet the tip of a large cotton swab
batch5_extra:037,batch5_extra,第五批额外补充任务(1)(1).pdf,17,37,37,使用1 mL移液枪向装有粗盐的样品杯加入清水,使用1 mL移液枪向装有粗盐的样品杯加入清水,实验室,移液/滴加/注射,使用移液枪向装有粗盐的样品杯加入,Laboratory,Pipette / Dispense / Inject,Batch 5 Supplement,Use a 1 mL pipette to add water to a sample cup containing coarse salt
batch5_extra:038,batch5_extra,第五批额外补充任务(1)(1).pdf,19,38,38,单手捏压空纸杯并投入固定废弃容器（Teleop Task 01）,单手捏压空纸杯并投入固定废弃容器（Teleop Task 01）,通用交互/Teleop对齐,主动触觉/按压/分类,单手捏压纸杯并投入废弃容器,General / Teleop Alignment,Active Tactile / Press / Classify,Batch 5 Supplement,One-handed: squeeze an empty paper cup and drop it into a fixed waste container (Teleop Task 01)
batch5_extra:039,batch5_extra,第五批额外补充任务(1)(1).pdf,19,39,39,单手将玻璃杯翻转后倒置放到沥水垫（Teleop Task 02）,单手将玻璃杯翻转后倒置放到沥水垫（Teleop Task 02）,通用交互/Teleop对齐,清洗/擦拭/排液,单手将杯翻转后倒置放到沥水垫,General / Teleop Alignment,Rinse / Wipe / Drain,Batch 5 Supplement,One-handed: flip a glass cup and place it upside down on a drying mat (Teleop Task 02)
batch5_extra:040,batch5_extra,第五批额外补充任务(1)(1).pdf,19,40,40,单手按下一次大号固定按钮（Teleop Task 03）,单手按下一次大号固定按钮（Teleop Task 03）,通用交互/Teleop对齐,主动触觉/按压/分类,单手按下一次按钮,General / Teleop Alignment,Active Tactile / Press / Classify,Batch 5 Supplement,One-handed: press a large fixed button once (Teleop Task 03)
batch5_extra:041,batch5_extra,第五批额外补充任务(1)(1).pdf,20,41,41,单手将大号旋钮从位置1旋转到位置2（Teleop Task 04）,单手将大号旋钮从位置1旋转到位置2（Teleop Task 04）,通用交互/Teleop对齐,工具操作/装配/固定,单手将旋钮从位置1旋转到位置2,General / Teleop Alignment,Tool Use / Assembly / Fixing,Batch 5 Supplement,One-handed: rotate a large knob from position 1 to position 2 (Teleop Task 04)
batch5_extra:042,batch5_extra,第五批额外补充任务(1)(1).pdf,20,42,42,单手将塑料漏斗插入玻璃试剂瓶（Teleop Task 05）,单手将塑料漏斗插入玻璃试剂瓶（Teleop Task 05）,实验室,插入/拔出/对准,单手将漏斗插入试剂瓶,Laboratory,Insert / Remove / Align,Batch 5 Supplement,One-handed: insert a plastic funnel into a glass reagent bottle (Teleop Task 05)
batch5_extra:043,batch5_extra,第五批额外补充任务(1)(1).pdf,20,43,43,单手从玻璃试剂瓶向玻璃烧杯倒液至目标线（Teleop Task 06）,单手从玻璃试剂瓶向玻璃烧杯倒液至目标线（Teleop Task 06）,实验室,液体倾倒/容器转移,单手从试剂瓶向烧杯倒液至目标线,Laboratory,Pour / Container Transfer,Batch 5 Supplement,One-handed: pour from a glass reagent bottle into a glass beaker to a target line (Teleop Task 06)
batch5_extra:044,batch5_extra,第五批额外补充任务(1)(1).pdf,20,44,44,单手将玻璃烧杯中的液体倒入固定玻璃锥形瓶（Teleop Task 07）,单手将玻璃烧杯中的液体倒入固定玻璃锥形瓶（Teleop Task 07）,实验室,液体倾倒/容器转移,单手将烧杯中的液体倒入锥形瓶,Laboratory,Pour / Container Transfer,Batch 5 Supplement,One-handed: pour liquid from a glass beaker into a fixed glass Erlenmeyer flask (Teleop Task 07)
batch5_extra:045,batch5_extra,第五批额外补充任务(1)(1).pdf,21,45,45,单手将玻璃试管插入固定试管架（Teleop Task 08）,单手将玻璃试管插入固定试管架（Teleop Task 08）,实验室,插入/拔出/对准,单手将试管插入试管架,Laboratory,Insert / Remove / Align,Batch 5 Supplement,One-handed: insert a glass test tube into a fixed rack (Teleop Task 08)
batch5_extra:046,batch5_extra,第五批额外补充任务(1)(1).pdf,21,46,46,单手使用洗瓶向玻璃试管中加入冲洗水（Teleop Task 09）,单手使用洗瓶向玻璃试管中加入冲洗水（Teleop Task 09）,实验室,清洗/擦拭/排液,单手使用洗瓶向试管中加入冲洗水,Laboratory,Rinse / Wipe / Drain,Batch 5 Supplement,One-handed: use a wash bottle to add rinse water to a glass test tube (Teleop Task 09)
batch5_extra:047,batch5_extra,第五批额外补充任务(1)(1).pdf,21,47,47,单手将密闭玻璃试剂瓶倒置三次混匀（Teleop Task 10）,单手将密闭玻璃试剂瓶倒置三次混匀（Teleop Task 10）,实验室,混合/搅拌/摇匀,单手将试剂瓶倒置三次混匀,Laboratory,Mix / Stir / Agitate,Batch 5 Supplement,One-handed: invert a sealed glass reagent bottle three times to mix (Teleop Task 10)
batch5_extra:048,batch5_extra,第五批额外补充任务(1)(1).pdf,22,48,48,使用药匙将粗砂加入装有清水的塑料烧杯,使用药匙将粗砂加入装有清水的塑料烧杯,实验室,固体处理/称量/过滤,使用药匙将粗砂加入装有的烧杯,Laboratory,Solids / Weighing / Filtration,Batch 5 Supplement,Use a spatula to add coarse sand to a plastic beaker containing water
batch5_extra:049,batch5_extra,第五批额外补充任务(1)(1).pdf,22,49,49,使用塑料搅拌棒轻轻搅动含粗砂的混合液,使用塑料搅拌棒轻轻搅动含粗砂的混合液,实验室,混合/搅拌/摇匀,使用搅拌棒轻轻搅动含粗砂的混合液,Laboratory,Mix / Stir / Agitate,Batch 5 Supplement,Gently stir a coarse-sand suspension with a plastic stirring rod
batch5_extra:050,batch5_extra,第五批额外补充任务(1)(1).pdf,22,50,50,将大号圆形滤纸放入塑料漏斗,将大号圆形滤纸放入塑料漏斗,实验室,固体处理/称量/过滤,将圆形滤纸放入漏斗,Laboratory,Solids / Weighing / Filtration,Batch 5 Supplement,Place a large circular filter paper into a plastic funnel
batch5_extra:051,batch5_extra,第五批额外补充任务(1)(1).pdf,22,51,51,将装有滤纸的塑料漏斗安装到塑料试剂瓶,将装有滤纸的塑料漏斗安装到塑料试剂瓶,实验室,插入/拔出/对准,将装有滤纸的漏斗安装到试剂瓶,Laboratory,Insert / Remove / Align,Batch 5 Supplement,Install a plastic funnel containing filter paper onto a plastic reagent bottle
batch5_extra:052,batch5_extra,第五批额外补充任务(1)(1).pdf,23,52,52,过滤完成后取下塑料漏斗并放到托盘,过滤完成后取下塑料漏斗并放到托盘,实验室,插入/拔出/对准,过滤完成后取下漏斗并放到托盘,Laboratory,Insert / Remove / Align,Batch 5 Supplement,Remove the plastic funnel after filtration and place it on a tray
batch5_extra:053,batch5_extra,第五批额外补充任务(1)(1).pdf,23,53,53,使用洗瓶冲洗塑料量筒内壁,使用洗瓶冲洗塑料量筒内壁,实验室,清洗/擦拭/排液,使用洗瓶冲洗量筒内壁,Laboratory,Rinse / Wipe / Drain,Batch 5 Supplement,Rinse the inner wall of a plastic graduated cylinder with a wash bottle
batch5_extra:054,batch5_extra,第五批额外补充任务(1)(1).pdf,23,54,54,将塑料量筒中的冲洗液倒入废液烧杯,将塑料量筒中的冲洗液倒入废液烧杯,实验室,清洗/擦拭/排液,将量筒中的冲洗液倒入废液烧杯,Laboratory,Rinse / Wipe / Drain,Batch 5 Supplement,Pour rinse liquid from a plastic graduated cylinder into a waste beaker
batch5_extra:055,batch5_extra,第五批额外补充任务(1)(1).pdf,24,55,55,使用洗瓶冲洗普通大口塑料试管内壁,使用洗瓶冲洗普通大口塑料试管内壁,实验室,清洗/擦拭/排液,使用洗瓶冲洗大口试管内壁,Laboratory,Rinse / Wipe / Drain,Batch 5 Supplement,Rinse the inner wall of a standard wide-mouth plastic test tube with a wash bottle
batch5_extra:056,batch5_extra,第五批额外补充任务(1)(1).pdf,24,56,56,旋开50 mL离心管盖并放到托盘,旋开50 mL离心管盖并放到托盘,实验室,开合/密封,旋开离心管盖并放到托盘,Laboratory,Open / Close / Seal,Batch 5 Supplement,Unscrew a 50 mL centrifuge-tube cap and place it on a tray
batch5_extra:057,batch5_extra,第五批额外补充任务(1)(1).pdf,24,57,57,对准并旋紧50 mL离心管盖,对准并旋紧50 mL离心管盖,实验室,开合/密封,对准并旋紧离心管盖,Laboratory,Open / Close / Seal,Batch 5 Supplement,Align and tighten a 50 mL centrifuge-tube cap
batch5_extra:058,batch5_extra,第五批额外补充任务(1)(1).pdf,24,58,58,将带盖15 mL离心管插入离心管架,将带盖15 mL离心管插入离心管架,实验室,插入/拔出/对准,将离心管插入离心管架,Laboratory,Insert / Remove / Align,Batch 5 Supplement,Insert a capped 15 mL centrifuge tube into a tube rack
batch5_extra:059,batch5_extra,第五批额外补充任务(1)(1).pdf,25,59,59,将带盖15 mL离心管从离心管架取出并放到托盘,将带盖15 mL离心管从离心管架取出并放到托盘,实验室,抓取/搬运/收纳,将离心管从离心管架取出并放到托盘,Laboratory,Pick / Move / Place,Batch 5 Supplement,Remove a capped 15 mL centrifuge tube from a rack and place it on a tray
batch5_extra:060,batch5_extra,第五批额外补充任务(1)(1).pdf,25,60,60,将带盖50 mL离心管移动到离心管架另一孔位,将带盖50 mL离心管移动到离心管架另一孔位,实验室,抓取/搬运/收纳,将离心管移动到离心管架另一孔位,Laboratory,Pick / Move / Place,Batch 5 Supplement,Move a capped 50 mL centrifuge tube to another rack position
batch5_extra:061,batch5_extra,第五批额外补充任务(1)(1).pdf,25,61,61,旋开15 mL离心管盖并放到托盘,旋开15 mL离心管盖并放到托盘,实验室,开合/密封,旋开离心管盖并放到托盘,Laboratory,Open / Close / Seal,Batch 5 Supplement,Unscrew a 15 mL centrifuge-tube cap and place it on a tray
batch5_extra:062,batch5_extra,第五批额外补充任务(1)(1).pdf,25,62,62,对准并旋紧15 mL离心管盖,对准并旋紧15 mL离心管盖,实验室,开合/密封,对准并旋紧离心管盖,Laboratory,Open / Close / Seal,Batch 5 Supplement,Align and tighten a 15 mL centrifuge-tube cap
batch5_extra:063,batch5_extra,第五批额外补充任务(1)(1).pdf,25,63,63,将三支带盖15 mL离心管依次放入离心管架,将三支带盖15 mL离心管依次放入离心管架,实验室,抓取/搬运/收纳,将三支离心管依次放入离心管架,Laboratory,Pick / Move / Place,Batch 5 Supplement,Place three capped 15 mL centrifuge tubes into a rack one by one
batch5_extra:064,batch5_extra,第五批额外补充任务(1)(1).pdf,25,64,64,将塑料样品杯中的清水倒入塑料烧杯,将塑料样品杯中的清水倒入塑料烧杯,实验室,液体倾倒/容器转移,将样品杯中的倒入烧杯,Laboratory,Pour / Container Transfer,Batch 5 Supplement,Pour water from a plastic sample cup into a plastic beaker
batch5_extra:065,batch5_extra,第五批额外补充任务(1)(1).pdf,26,65,65,将塑料烧杯中的清水倒入宽口塑料样品杯,将塑料烧杯中的清水倒入宽口塑料样品杯,实验室,液体倾倒/容器转移,将烧杯中的倒入样品杯,Laboratory,Pour / Container Transfer,Batch 5 Supplement,Pour water from a plastic beaker into a wide-mouth plastic sample cup
batch5_extra:066,batch5_extra,第五批额外补充任务(1)(1).pdf,26,66,66,将称量船中的粗盐倒入宽口塑料样品杯,将称量船中的粗盐倒入宽口塑料样品杯,实验室,固体处理/称量/过滤,将称量船中的粗盐倒入样品杯,Laboratory,Solids / Weighing / Filtration,Batch 5 Supplement,Pour coarse salt from a weighing boat into a wide-mouth plastic sample cup
batch5_extra:067,batch5_extra,第五批额外补充任务(1)(1).pdf,26,67,67,使用塑料搅拌棒搅拌样品杯中的盐水,使用塑料搅拌棒搅拌样品杯中的盐水,实验室,混合/搅拌/摇匀,使用搅拌棒搅拌样品杯中的盐水,Laboratory,Mix / Stir / Agitate,Batch 5 Supplement,Stir salt water in a sample cup with a plastic stirring rod
batch5_extra:068,batch5_extra,第五批额外补充任务(1)(1).pdf,26,68,68,使用大号转移滴管将烧杯中的清水加入样品杯,使用大号转移滴管将烧杯中的清水加入样品杯,实验室,移液/滴加/注射,使用转移滴管将烧杯中的加入样品杯,Laboratory,Pipette / Dispense / Inject,Batch 5 Supplement,Use a large transfer pipette to add water from a beaker to a sample cup
batch5_extra:069,batch5_extra,第五批额外补充任务(1)(1).pdf,26,69,69,使用大号转移滴管将样品杯中的液体加入15 mL离心管,使用大号转移滴管将样品杯中的液体加入15 mL离心管,实验室,移液/滴加/注射,使用转移滴管将样品杯中的液体加入离心管,Laboratory,Pipette / Dispense / Inject,Batch 5 Supplement,Use a large transfer pipette to add liquid from a sample cup to a 15 mL centrifuge tube
batch5_extra:070,batch5_extra,第五批额外补充任务(1)(1).pdf,26,70,70,使用大号转移滴管将15 mL离心管中的液体排入废液烧杯,使用大号转移滴管将15 mL离心管中的液体排入废液烧杯,实验室,移液/滴加/注射,使用转移滴管将离心管中的液体排入废液烧杯,Laboratory,Pipette / Dispense / Inject,Batch 5 Supplement,Use a large transfer pipette to move liquid from a 15 mL centrifuge tube into a waste beaker
batch5_extra:071,batch5_extra,第五批额外补充任务(1)(1).pdf,27,71,71,使用大号转移滴管向大号pH试纸滴加样液,使用大号转移滴管向大号pH试纸滴加样液,实验室,移液/滴加/注射,使用转移滴管向pH试纸滴加样液,Laboratory,Pipette / Dispense / Inject,Batch 5 Supplement,Use a large transfer pipette to dispense sample onto a large pH strip
batch5_extra:072,batch5_extra,第五批额外补充任务(1)(1).pdf,27,72,72,使用大号转移滴管润湿大号棉签头,使用大号转移滴管润湿大号棉签头,实验室,移液/滴加/注射,使用转移滴管润湿棉签头,Laboratory,Pipette / Dispense / Inject,Batch 5 Supplement,Use a large transfer pipette to wet the tip of a large cotton swab
batch5_extra:073,batch5_extra,第五批额外补充任务(1)(1).pdf,27,73,73,使用湿棉签擦拭塑料培养皿中央区域,使用湿棉签擦拭塑料培养皿中央区域,实验室,清洗/擦拭/排液,使用湿棉签擦拭培养皿中央区域,Laboratory,Rinse / Wipe / Drain,Batch 5 Supplement,Wipe the center of a plastic Petri dish with a wet cotton swab
batch5_extra:074,batch5_extra,第五批额外补充任务(1)(1).pdf,27,74,74,使用湿棉签擦拭宽口塑料样品杯内壁,使用湿棉签擦拭宽口塑料样品杯内壁,实验室,清洗/擦拭/排液,使用湿棉签擦拭样品杯内壁,Laboratory,Rinse / Wipe / Drain,Batch 5 Supplement,Wipe the inner wall of a wide-mouth plastic sample cup with a wet cotton swab
batch5_extra:075,batch5_extra,第五批额外补充任务(1)(1).pdf,27,75,75,将玻璃试管从固定试管架取出并放到软垫托盘,将玻璃试管从固定试管架取出并放到软垫托盘,实验室,抓取/搬运/收纳,将试管从试管架取出并放到软垫托盘,Laboratory,Pick / Move / Place,Batch 5 Supplement,Remove a glass test tube from a fixed rack and place it on a padded tray
batch5_extra:076,batch5_extra,第五批额外补充任务(1)(1).pdf,27,76,76,将橡胶塞压入玻璃试管口,将橡胶塞压入玻璃试管口,实验室,插入/拔出/对准,将橡胶塞压入试管口,Laboratory,Insert / Remove / Align,Batch 5 Supplement,Press a rubber stopper into a glass test-tube opening
batch5_extra:077,batch5_extra,第五批额外补充任务(1)(1).pdf,28,77,77,从玻璃试管口拔出橡胶塞并放到托盘,从玻璃试管口拔出橡胶塞并放到托盘,实验室,插入/拔出/对准,从试管口拔出橡胶塞并放到托盘,Laboratory,Insert / Remove / Align,Batch 5 Supplement,Remove a rubber stopper from a glass test tube and place it on a tray
batch5_extra:078,batch5_extra,第五批额外补充任务(1)(1).pdf,28,78,78,将玻璃试管中的少量清水倒入废液烧杯,将玻璃试管中的少量清水倒入废液烧杯,实验室,液体倾倒/容器转移,将试管中的倒入废液烧杯,Laboratory,Pour / Container Transfer,Batch 5 Supplement,Pour a small amount of water from a glass test tube into a waste beaker
batch5_extra:079,batch5_extra,第五批额外补充任务(1)(1).pdf,28,79,79,使用塑料漏斗向玻璃试管加入少量清水,使用塑料漏斗向玻璃试管加入少量清水,实验室,液体倾倒/容器转移,使用漏斗向试管加入,Laboratory,Pour / Container Transfer,Batch 5 Supplement,Use a plastic funnel to add a small amount of water to a glass test tube
batch5_extra:080,batch5_extra,第五批额外补充任务(1)(1).pdf,28,80,80,将塑料漏斗插入宽口塑料样品杯,将塑料漏斗插入宽口塑料样品杯,实验室,插入/拔出/对准,将漏斗插入样品杯,Laboratory,Insert / Remove / Align,Batch 5 Supplement,Insert a plastic funnel into a wide-mouth plastic sample cup
batch5_extra:081,batch5_extra,第五批额外补充任务(1)(1).pdf,28,81,81,使用洗瓶润湿漏斗中的滤纸,使用洗瓶润湿漏斗中的滤纸,实验室,固体处理/称量/过滤,使用洗瓶润湿漏斗中的滤纸,Laboratory,Solids / Weighing / Filtration,Batch 5 Supplement,Wet filter paper in a funnel with a wash bottle
batch5_extra:082,batch5_extra,第五批额外补充任务(1)(1).pdf,28,82,82,使用清水冲洗滤纸并收集到塑料试剂瓶,使用清水冲洗滤纸并收集到塑料试剂瓶,实验室,固体处理/称量/过滤,使用冲洗滤纸并收集到试剂瓶,Laboratory,Solids / Weighing / Filtration,Batch 5 Supplement,Rinse filter paper with water and collect the filtrate in a plastic reagent bottle
batch5_extra:083,batch5_extra,第五批额外补充任务(1)(1).pdf,29,83,83,取出使用后的湿滤纸并放到废弃托盘,取出使用后的湿滤纸并放到废弃托盘,实验室,固体处理/称量/过滤,取出使用后的湿滤纸并放到废弃托盘,Laboratory,Solids / Weighing / Filtration,Batch 5 Supplement,Remove used wet filter paper and place it on a waste tray
batch5_extra:084,batch5_extra,第五批额外补充任务(1)(1).pdf,29,84,84,将过滤后的清水从塑料试剂瓶倒入塑料烧杯,将过滤后的清水从塑料试剂瓶倒入塑料烧杯,实验室,液体倾倒/容器转移,将过滤后的从试剂瓶倒入烧杯,Laboratory,Pour / Container Transfer,Batch 5 Supplement,Pour filtered water from a plastic reagent bottle into a plastic beaker
batch5_extra:085,batch5_extra,第五批额外补充任务(1)(1).pdf,29,85,85,使用洗瓶冲洗空塑料漏斗并收集冲洗液,使用洗瓶冲洗空塑料漏斗并收集冲洗液,实验室,清洗/擦拭/排液,使用洗瓶冲洗漏斗并收集冲洗液,Laboratory,Rinse / Wipe / Drain,Batch 5 Supplement,Rinse an empty plastic funnel with a wash bottle and collect the rinse
batch5_extra:086,batch5_extra,第五批额外补充任务(1)(1).pdf,29,86,86,将清洗后的塑料烧杯倒置放到沥水垫,将清洗后的塑料烧杯倒置放到沥水垫,实验室,清洗/擦拭/排液,将烧杯倒置放到沥水垫,Laboratory,Rinse / Wipe / Drain,Batch 5 Supplement,Invert a cleaned plastic beaker onto a drying mat
batch5_extra:087,batch5_extra,第五批额外补充任务(1)(1).pdf,29,87,87,将清洗后的宽口样品杯倒置放到沥水垫,将清洗后的宽口样品杯倒置放到沥水垫,实验室,清洗/擦拭/排液,将样品杯倒置放到沥水垫,Laboratory,Rinse / Wipe / Drain,Batch 5 Supplement,Invert a cleaned wide-mouth sample cup onto a drying mat
batch5_extra:088,batch5_extra,第五批额外补充任务(1)(1).pdf,29,88,88,将三支带盖离心管从托盘整理到离心管架,将三支带盖离心管从托盘整理到离心管架,实验室,抓取/搬运/收纳,将三支离心管从托盘整理到离心管架,Laboratory,Pick / Move / Place,Batch 5 Supplement,Organize three capped centrifuge tubes from a tray into a rack
batch5_extra:089,batch5_extra,第五批额外补充任务(1)(1).pdf,30,89,89,将三支带盖离心管从离心管架取出并放到托盘,将三支带盖离心管从离心管架取出并放到托盘,实验室,抓取/搬运/收纳,将三支离心管从离心管架取出并放到托盘,Laboratory,Pick / Move / Place,Batch 5 Supplement,Remove three capped centrifuge tubes from a rack and place them on a tray
batch5_extra:090,batch5_extra,第五批额外补充任务(1)(1).pdf,30,90,90,双手将装有离心管的离心管架移动到目标区域,双手将装有离心管的离心管架移动到目标区域,实验室,抓取/搬运/收纳,双手将装有离心管的离心管架移动到目标区域,Laboratory,Pick / Move / Place,Batch 5 Supplement,Move a loaded centrifuge-tube rack to a target area with both hands
batch5_extra:091,batch5_extra,第五批额外补充任务(1)(1).pdf,30,91,91,双手将装有两个空塑料烧杯的托盘移动到目标区域,双手将装有两个空塑料烧杯的托盘移动到目标区域,实验室,抓取/搬运/收纳,双手将装有两个烧杯的托盘移动到目标区域,Laboratory,Pick / Move / Place,Batch 5 Supplement,Move a tray containing two empty plastic beakers to a target area with both hands
batch5_extra:092,batch5_extra,第五批额外补充任务(1)(1).pdf,30,92,92,使用1 mL移液枪将清水从塑料烧杯转移到15 mL离心管,使用1 mL移液枪将清水从塑料烧杯转移到15 mL离心管,实验室,移液/滴加/注射,使用移液枪将从烧杯转移到离心管,Laboratory,Pipette / Dispense / Inject,Batch 5 Supplement,Use a 1 mL pipette to transfer water from a plastic beaker to a 15 mL centrifuge tube
batch5_extra:093,batch5_extra,第五批额外补充任务(1)(1).pdf,30,93,93,使用1 mL移液枪将15 mL离心管中的液体转移到样品杯,使用1 mL移液枪将15 mL离心管中的液体转移到样品杯,实验室,移液/滴加/注射,使用移液枪将离心管中的液体转移到样品杯,Laboratory,Pipette / Dispense / Inject,Batch 5 Supplement,Use a 1 mL pipette to transfer liquid from a 15 mL centrifuge tube to a sample cup
batch5_extra:094,batch5_extra,第五批额外补充任务(1)(1).pdf,30,94,94,使用1 mL移液枪将样品杯中的液体转移到塑料烧杯,使用1 mL移液枪将样品杯中的液体转移到塑料烧杯,实验室,移液/滴加/注射,使用移液枪将样品杯中的液体转移到烧杯,Laboratory,Pipette / Dispense / Inject,Batch 5 Supplement,Use a 1 mL pipette to transfer liquid from a sample cup to a plastic beaker
batch5_extra:095,batch5_extra,第五批额外补充任务(1)(1).pdf,31,95,95,使用1 mL移液枪在样品杯中完成三次吸打混匀,使用1 mL移液枪在样品杯中完成三次吸打混匀,实验室,移液/滴加/注射,使用移液枪在样品杯中完成三次吸打混匀,Laboratory,Pipette / Dispense / Inject,Batch 5 Supplement,Mix liquid in a sample cup by pipetting up and down three times with a 1 mL pipette
batch5_extra:096,batch5_extra,第五批额外补充任务(1)(1).pdf,31,96,96,使用1 mL移液枪在15 mL离心管中完成三次吸打混匀,使用1 mL移液枪在15 mL离心管中完成三次吸打混匀,实验室,移液/滴加/注射,使用移液枪在离心管中完成三次吸打混匀,Laboratory,Pipette / Dispense / Inject,Batch 5 Supplement,Mix liquid in a 15 mL centrifuge tube by pipetting up and down three times with a 1 mL pipette
batch5_extra:097,batch5_extra,第五批额外补充任务(1)(1).pdf,31,97,97,使用1 mL移液枪向称量船中的粗盐加入少量清水,使用1 mL移液枪向称量船中的粗盐加入少量清水,实验室,移液/滴加/注射,使用移液枪向称量船中的粗盐加入,Laboratory,Pipette / Dispense / Inject,Batch 5 Supplement,Use a 1 mL pipette to add a small amount of water to coarse salt in a weighing boat
batch6:001,batch6,第六批数据.pdf,2,001,1,下压并旋开儿童安全药瓶盖,下压并旋开儿童安全药瓶盖,医疗/急救,开合/密封,下压并旋开儿童安全药瓶盖,Medical / First Aid,Open / Close / Seal,Batch 6,Push down and unscrew a child-resistant medicine-bottle cap
batch6:002,batch6,第六批数据.pdf,2,002,2,对准并下压旋紧儿童安全药瓶盖,对准并下压旋紧儿童安全药瓶盖,医疗/急救,开合/密封,对准并下压旋紧儿童安全药瓶盖,Medical / First Aid,Open / Close / Seal,Batch 6,"Align, push down, and tighten a child-resistant medicine-bottle cap"
batch6:003,batch6,第六批数据.pdf,2,003,3,旋开软管药膏盖并放到托盘,旋开软管药膏盖并放到托盘,医疗/急救,开合/密封,旋开软管药膏盖并放到托盘,Medical / First Aid,Open / Close / Seal,Batch 6,Unscrew a simulated ointment-tube cap and place it on a tray
batch6:004,batch6,第六批数据.pdf,2,004,4,对准并旋紧软管药膏盖,对准并旋紧软管药膏盖,医疗/急救,开合/密封,对准并旋紧软管药膏盖,Medical / First Aid,Open / Close / Seal,Batch 6,Align and tighten a simulated ointment-tube cap
batch6:005,batch6,第六批数据.pdf,3,005,5,从弹性绷带卷拉出指定长度,从弹性绷带卷拉出指定长度,医疗/急救,柔性物/包扎/包装/折叠,从弹性绷带卷拉出指定长度,Medical / First Aid,Flexible Materials / Wrap / Fold,Batch 6,Pull a specified length from an elastic bandage roll
batch6:006,batch6,第六批数据.pdf,3,006,6,将展开的弹性绷带重新卷回,将展开的弹性绷带重新卷回,医疗/急救,柔性物/包扎/包装/折叠,将展开的弹性绷带重新卷回,Medical / First Aid,Flexible Materials / Wrap / Fold,Batch 6,Roll the extended elastic bandage back up
batch6:007,batch6,第六批数据.pdf,3,007,7,撕开大号纱布片剥离包装,撕开大号纱布片剥离包装,医疗/急救,柔性物/包扎/包装/折叠,撕开纱布片剥离包装,Medical / First Aid,Flexible Materials / Wrap / Fold,Batch 6,Peel open the package of a large gauze pad
batch6:008,batch6,第六批数据.pdf,3,008,8,将大号纱布片放到泡棉伤口标记区,将大号纱布片放到泡棉伤口标记区,医疗/急救,柔性物/包扎/包装/折叠,将纱布片放到泡棉伤口标记区,Medical / First Aid,Flexible Materials / Wrap / Fold,Batch 6,Place a large gauze pad on a marked foam wound area
batch6:009,batch6,第六批数据.pdf,4,009,9,将大号创口敷贴贴到泡棉标记区,将大号创口敷贴贴到泡棉标记区,医疗/急救,柔性物/包扎/包装/折叠,将创口敷贴贴到泡棉标记区,Medical / First Aid,Flexible Materials / Wrap / Fold,Batch 6,Apply a large adhesive dressing to a marked foam area
batch6:010,batch6,第六批数据.pdf,4,010,10,从泡棉训练垫揭下大号创口敷贴,从泡棉训练垫揭下大号创口敷贴,医疗/急救,柔性物/包扎/包装/折叠,从泡棉训练垫揭下创口敷贴,Medical / First Aid,Flexible Materials / Wrap / Fold,Batch 6,Peel a large adhesive dressing off a foam training pad
batch6:011,batch6,第六批数据.pdf,4,011,11,围绕泡棉圆柱缠绕两圈弹性绷带,围绕泡棉圆柱缠绕两圈弹性绷带,医疗/急救,柔性物/包扎/包装/折叠,围绕泡棉圆柱缠绕两圈弹性绷带,Medical / First Aid,Flexible Materials / Wrap / Fold,Batch 6,Wrap an elastic bandage twice around a foam cylinder
batch6:012,batch6,第六批数据.pdf,4,012,12,将自粘绷带末端压合固定,将自粘绷带末端压合固定,医疗/急救,柔性物/包扎/包装/折叠,将自粘绷带末端压合,Medical / First Aid,Flexible Materials / Wrap / Fold,Batch 6,Press the end of a self-adherent bandage to secure it
batch6:013,batch6,第六批数据.pdf,5,013,13,从泡棉圆柱解开并卷收弹性绷带,从泡棉圆柱解开并卷收弹性绷带,医疗/急救,柔性物/包扎/包装/折叠,从泡棉圆柱解开并卷收弹性绷带,Medical / First Aid,Flexible Materials / Wrap / Fold,Batch 6,Unwrap an elastic bandage from a foam cylinder and roll it up
batch6:014,batch6,第六批数据.pdf,5,014,14,将模拟药膏挤到大号纱布中央,将模拟药膏挤到大号纱布中央,医疗/急救,柔性物/包扎/包装/折叠,将药膏挤到纱布中央,Medical / First Aid,Flexible Materials / Wrap / Fold,Batch 6,Squeeze simulated ointment onto the center of a large gauze pad
batch6:015,batch6,第六批数据.pdf,5,015,15,将带模拟药膏的纱布覆盖到泡棉标记区,将带模拟药膏的纱布覆盖到泡棉标记区,医疗/急救,柔性物/包扎/包装/折叠,将带药膏的纱布覆盖到泡棉标记区,Medical / First Aid,Flexible Materials / Wrap / Fold,Batch 6,Place ointment-coated gauze over a marked foam area
batch6:016,batch6,第六批数据.pdf,5,016,16,从医用胶带座拉出并撕下一条胶带,从医用胶带座拉出并撕下一条胶带,医疗/急救,柔性物/包扎/包装/折叠,从医用胶带座拉出并撕下一条胶带,Medical / First Aid,Flexible Materials / Wrap / Fold,Batch 6,Pull out and tear off a strip of medical tape from a dispenser
batch6:017,batch6,第六批数据.pdf,6,017,17,使用一条医用胶带固定纱布边缘,使用一条医用胶带固定纱布边缘,医疗/急救,柔性物/包扎/包装/折叠,使用一条医用胶带纱布边缘,Medical / First Aid,Flexible Materials / Wrap / Fold,Batch 6,Use a strip of medical tape to secure the edge of gauze
batch6:018,batch6,第六批数据.pdf,6,018,18,将三件急救用品装入急救盒并扣合盒盖,将三件急救用品装入急救盒并扣合盒盖,医疗/急救,开合/密封,将三件急救用品装入急救盒并扣合盒盖,Medical / First Aid,Open / Close / Seal,Batch 6,Place three first-aid items in a kit and latch the lid
batch6:019,batch6,第六批数据.pdf,6,019,19,打开工具箱大号卡扣,打开工具箱大号卡扣,工具台,开合/密封,打开工具箱卡扣,Workbench,Open / Close / Seal,Batch 6,Open the large latch on a toolbox
batch6:020,batch6,第六批数据.pdf,7,020,20,扣合工具箱大号卡扣,扣合工具箱大号卡扣,工具台,开合/密封,扣合工具箱卡扣,Workbench,Open / Close / Seal,Batch 6,Close the large latch on a toolbox
batch6:021,batch6,第六批数据.pdf,7,021,21,翻开大格零件盒上盖,翻开大格零件盒上盖,工具台,开合/密封,翻开大格零件盒上盖,Workbench,Open / Close / Seal,Batch 6,Flip open the lid of a large-compartment parts box
batch6:022,batch6,第六批数据.pdf,7,022,22,盖回大格零件盒上盖,盖回大格零件盒上盖,工具台,开合/密封,盖回大格零件盒上盖,Workbench,Open / Close / Seal,Batch 6,Close the lid of a large-compartment parts box
batch6:023,batch6,第六批数据.pdf,7,023,23,将一枚大号六角螺栓放入指定零件格,将一枚大号六角螺栓放入指定零件格,工具台,抓取/搬运/收纳,将一枚六角螺栓放入指定零件格,Workbench,Pick / Move / Place,Batch 6,Place a large hex bolt into a designated parts compartment
batch6:024,batch6,第六批数据.pdf,7,024,24,将三枚大号垫圈套到竖直螺栓上,将三枚大号垫圈套到竖直螺栓上,工具台,工具操作/装配/固定,将三枚垫圈套到竖直螺栓上,Workbench,Tool Use / Assembly / Fixing,Batch 6,Place three large washers onto a vertical bolt
batch6:025,batch6,第六批数据.pdf,8,025,25,从竖直螺栓上取下三枚大号垫圈,从竖直螺栓上取下三枚大号垫圈,工具台,工具操作/装配/固定,从竖直螺栓上取下三枚垫圈,Workbench,Tool Use / Assembly / Fixing,Batch 6,Remove three large washers from a vertical bolt
batch6:026,batch6,第六批数据.pdf,8,026,26,将大号蝶形螺母旋上螺栓三圈,将大号蝶形螺母旋上螺栓三圈,工具台,工具操作/装配/固定,将蝶形螺母旋上螺栓三圈,Workbench,Tool Use / Assembly / Fixing,Batch 6,Thread a large wing nut onto a bolt for three turns
batch6:027,batch6,第六批数据.pdf,8,027,27,将大号蝶形螺母从螺栓旋下,将大号蝶形螺母从螺栓旋下,工具台,工具操作/装配/固定,将蝶形螺母从螺栓旋下,Workbench,Tool Use / Assembly / Fixing,Batch 6,Unscrew a large wing nut from a bolt
batch6:028,batch6,第六批数据.pdf,8,028,28,将木制圆榫插入预钻孔,将木制圆榫插入预钻孔,工具台,插入/拔出/对准,将木制圆榫插入预钻孔,Workbench,Insert / Remove / Align,Batch 6,Insert a wooden dowel into a pre-drilled hole
batch6:029,batch6,第六批数据.pdf,9,029,29,从预钻孔拔出木制圆榫,从预钻孔拔出木制圆榫,工具台,插入/拔出/对准,从预钻孔拔出木制圆榫,Workbench,Insert / Remove / Align,Batch 6,Pull a wooden dowel out of a pre-drilled hole
batch6:030,batch6,第六批数据.pdf,9,030,30,张开弹簧夹并夹到木板边缘,张开弹簧夹并夹到木板边缘,工具台,工具操作/装配/固定,张开弹簧夹并夹到木板边缘,Workbench,Tool Use / Assembly / Fixing,Batch 6,Open a spring clamp and attach it to the edge of a board
batch6:031,batch6,第六批数据.pdf,9,031,31,从木板边缘取下弹簧夹,从木板边缘取下弹簧夹,工具台,工具操作/装配/固定,从木板边缘取下弹簧夹,Workbench,Tool Use / Assembly / Fixing,Batch 6,Remove a spring clamp from the edge of a board
batch6:032,batch6,第六批数据.pdf,9,032,32,用魔术贴绑带固定一束粗线缆,用魔术贴绑带固定一束粗线缆,工具台,柔性物/包扎/包装/折叠,用魔术贴绑带一束粗线缆,Workbench,Flexible Materials / Wrap / Fold,Batch 6,Secure a bundle of thick cables with a hook-and-loop strap
batch6:033,batch6,第六批数据.pdf,10,033,33,撕开魔术贴绑带并释放线缆束,撕开魔术贴绑带并释放线缆束,工具台,柔性物/包扎/包装/折叠,撕开魔术贴绑带并释放线缆束,Workbench,Flexible Materials / Wrap / Fold,Batch 6,Peel open the hook-and-loop strap and release the cable bundle
batch6:034,batch6,第六批数据.pdf,10,034,34,拉出卷尺并锁定在目标长度,拉出卷尺并锁定在目标长度,工具台,测量/标记/文档操作,拉出卷尺并锁定在目标长度,Workbench,Measure / Label / Document,Batch 6,Pull out a tape measure and lock it at the target length
batch6:035,batch6,第六批数据.pdf,10,035,35,解锁并缓慢收回卷尺,解锁并缓慢收回卷尺,工具台,测量/标记/文档操作,解锁并缓慢收回卷尺,Workbench,Measure / Label / Document,Batch 6,Unlock and slowly retract a tape measure
batch6:036,batch6,第六批数据.pdf,10,036,36,使用大柄螺丝刀将大号螺钉拧入三圈,使用大柄螺丝刀将大号螺钉拧入三圈,工具台,工具操作/装配/固定,使用大柄螺丝刀将螺钉拧入三圈,Workbench,Tool Use / Assembly / Fixing,Batch 6,Use a large-handle screwdriver to drive a large screw three turns
batch6:037,batch6,第六批数据.pdf,11,037,37,使用大柄螺丝刀将大号螺钉松出三圈,使用大柄螺丝刀将大号螺钉松出三圈,工具台,工具操作/装配/固定,使用大柄螺丝刀将螺钉松出三圈,Workbench,Tool Use / Assembly / Fixing,Batch 6,Use a large-handle screwdriver to loosen a large screw three turns
batch6:038,batch6,第六批数据.pdf,11,038,38,使用活动扳手将大号六角螺母拧紧半圈,使用活动扳手将大号六角螺母拧紧半圈,工具台,工具操作/装配/固定,使用活动扳手将六角螺母拧紧半圈,Workbench,Tool Use / Assembly / Fixing,Batch 6,Use an adjustable wrench to tighten a large hex nut by half a turn
batch6:039,batch6,第六批数据.pdf,11,039,39,使用活动扳手将大号六角螺母松开半圈,使用活动扳手将大号六角螺母松开半圈,工具台,工具操作/装配/固定,使用活动扳手将六角螺母松开半圈,Workbench,Tool Use / Assembly / Fixing,Batch 6,Use an adjustable wrench to loosen a large hex nut by half a turn
batch6:040,batch6,第六批数据.pdf,11,040,40,用橡胶锤轻敲木榫使其与木块表面齐平,用橡胶锤轻敲木榫使其与木块表面齐平,工具台,工具操作/装配/固定,用橡胶锤轻敲木榫使其与木块表面齐平,Workbench,Tool Use / Assembly / Fixing,Batch 6,Lightly tap a wooden dowel flush with the board using a rubber mallet
batch6:041,batch6,第六批数据.pdf,12,041,41,将螺栓、螺母和垫圈分类到三个大格,将螺栓、螺母和垫圈分类到三个大格,工具台,工具操作/装配/固定,将螺栓、螺母和垫圈分类到三个大格,Workbench,Tool Use / Assembly / Fixing,Batch 6,"Sort bolts, nuts, and washers into three large compartments"
batch6:042,batch6,第六批数据.pdf,12,042,42,将粗USB线插入固定的断电USB集线器,将粗USB线插入固定的断电USB集线器,工具台,插入/拔出/对准,将粗USB线插入断电USB集线器,Workbench,Insert / Remove / Align,Batch 6,"Insert a thick USB cable into a fixed, unpowered USB hub"
batch6:043,batch6,第六批数据.pdf,12,043,43,从固定的断电USB集线器拔出粗USB线,从固定的断电USB集线器拔出粗USB线,工具台,插入/拔出/对准,从断电USB集线器拔出粗USB线,Workbench,Insert / Remove / Align,Batch 6,"Unplug a thick USB cable from a fixed, unpowered USB hub"
batch6:044,batch6,第六批数据.pdf,12,044,44,将一根长线缆卷成圈并用魔术贴固定,将一根长线缆卷成圈并用魔术贴固定,工具台,柔性物/包扎/包装/折叠,将一根长线缆卷成圈并用魔术贴,Workbench,Flexible Materials / Wrap / Fold,Batch 6,Coil a long cable and secure it with a hook-and-loop strap
batch6:045,batch6,第六批数据.pdf,13,045,45,打开大号活页夹金属环,打开大号活页夹金属环,办公室,开合/密封,打开活页夹金属环,Office,Open / Close / Seal,Batch 6,Open the metal rings of a large binder
batch6:046,batch6,第六批数据.pdf,13,046,46,合拢大号活页夹金属环,合拢大号活页夹金属环,办公室,开合/密封,合拢活页夹金属环,Office,Open / Close / Seal,Batch 6,Close the metal rings of a large binder
batch6:047,batch6,第六批数据.pdf,13,047,47,将A4文件纸插入大口文件袋,将A4文件纸插入大口文件袋,办公室,插入/拔出/对准,将A4文件纸插入大口文件袋,Office,Insert / Remove / Align,Batch 6,Insert an A4 document into a wide-opening file sleeve
batch6:048,batch6,第六批数据.pdf,14,048,48,从A4文件袋取出文件纸,从A4文件袋取出文件纸,办公室,测量/标记/文档操作,从A4文件袋取出文件纸,Office,Measure / Label / Document,Batch 6,Remove an A4 document from a file sleeve
batch6:049,batch6,第六批数据.pdf,14,049,49,使用桌面打孔器给两张纸打孔,使用桌面打孔器给两张纸打孔,办公室,工具操作/装配/固定,使用桌面打孔器给两张纸打孔,Office,Tool Use / Assembly / Fixing,Batch 6,Punch holes in two sheets of paper with a desktop hole punch
batch6:050,batch6,第六批数据.pdf,14,050,50,使用大号订书机装订三张纸,使用大号订书机装订三张纸,办公室,工具操作/装配/固定,使用订书机装订三张纸,Office,Tool Use / Assembly / Fixing,Batch 6,Staple three sheets of paper with a large stapler
batch6:051,batch6,第六批数据.pdf,14,051,51,将大号长尾夹夹到文件边缘,将大号长尾夹夹到文件边缘,办公室,工具操作/装配/固定,将长尾夹夹到文件边缘,Office,Tool Use / Assembly / Fixing,Batch 6,Attach a large binder clip to the edge of a document stack
batch6:052,batch6,第六批数据.pdf,15,052,52,从文件边缘取下大号长尾夹,从文件边缘取下大号长尾夹,办公室,工具操作/装配/固定,从文件边缘取下长尾夹,Office,Tool Use / Assembly / Fixing,Batch 6,Remove a large binder clip from the edge of a document stack
batch6:053,batch6,第六批数据.pdf,15,053,53,将装有少量水的马克杯移动到杯垫,将装有少量水的马克杯移动到杯垫,办公室,抓取/搬运/收纳,将装有水的马克杯移动到杯垫,Office,Pick / Move / Place,Batch 6,Move a mug containing a small amount of water onto a coaster
batch6:054,batch6,第六批数据.pdf,15,054,54,将头戴式耳机放到耳机支架,将头戴式耳机放到耳机支架,办公室,抓取/搬运/收纳,将头戴式耳机放到耳机支架,Office,Pick / Move / Place,Batch 6,Place over-ear headphones on a headphone stand
batch6:055,batch6,第六批数据.pdf,15,055,55,将一份文件归入对应标签文件夹并放入文件架,将一份文件归入对应标签文件夹并放入文件架,办公室,测量/标记/文档操作,将一份文件归入对应标签文件夹并放入文件架,Office,Measure / Label / Document,Batch 6,File a document in the matching labeled folder and place it in a file rack
batch6:056,batch6,第六批数据.pdf,16,056,56,给文件打孔并装入活页夹,给文件打孔并装入活页夹,办公室,测量/标记/文档操作,给文件打孔并装入活页夹,Office,Measure / Label / Document,Batch 6,Punch holes in a document and load it into a binder
batch6:057,batch6,第六批数据.pdf,16,057,57,将订书机收纳进桌面抽屉并关好抽屉,将订书机收纳进桌面抽屉并关好抽屉,办公室,抓取/搬运/收纳,将订书机收纳进桌面抽屉并关好抽屉,Office,Pick / Move / Place,Batch 6,Store a stapler in a desk drawer and close the drawer
batch6:058,batch6,第六批数据.pdf,16,058,58,将笔记本电脑充电线卷好并用魔术贴固定,将笔记本电脑充电线卷好并用魔术贴固定,办公室,柔性物/包扎/包装/折叠,将笔记本电脑充电线卷好并用魔术贴,Office,Flexible Materials / Wrap / Fold,Batch 6,Coil a laptop charging cable and secure it with a hook-and-loop strap
batch6:059,batch6,第六批数据.pdf,16,059,59,解开充电线魔术贴并将线缆展开,解开充电线魔术贴并将线缆展开,办公室,柔性物/包扎/包装/折叠,解开充电线魔术贴并将线缆展开,Office,Flexible Materials / Wrap / Fold,Batch 6,Release the hook-and-loop strap and uncoil the charging cable
batch6:060,batch6,第六批数据.pdf,17,060,60,将USB-C充电线插入固定的关机笔记本电脑,将USB-C充电线插入固定的关机笔记本电脑,办公室,插入/拔出/对准,将USB-C充电线插入关机笔记本电脑,Office,Insert / Remove / Align,Batch 6,"Insert a USB-C charging cable into a fixed, powered-off laptop"
batch6:061,batch6,第六批数据.pdf,17,061,61,从固定的关机笔记本电脑拔出USB-C充电线,从固定的关机笔记本电脑拔出USB-C充电线,办公室,插入/拔出/对准,从关机笔记本电脑拔出USB-C充电线,Office,Insert / Remove / Align,Batch 6,"Unplug a USB-C charging cable from a fixed, powered-off laptop"
batch6:062,batch6,第六批数据.pdf,17,062,62,将键盘和鼠标摆放到桌面标记区,将键盘和鼠标摆放到桌面标记区,办公室,抓取/搬运/收纳,将键盘和鼠标摆放到桌面标记区,Office,Pick / Move / Place,Batch 6,Place a keyboard and mouse in marked desk areas
batch6:063,batch6,第六批数据.pdf,17,063,63,使用微纤维布擦拭键盘表面三遍,使用微纤维布擦拭键盘表面三遍,办公室,清洗/擦拭/排液,使用微纤维布擦拭键盘表面三遍,Office,Rinse / Wipe / Drain,Batch 6,Wipe a keyboard surface three times with a microfiber cloth
batch6:064,batch6,第六批数据.pdf,17,064,64,将笔记本放入拉链电脑套并拉上拉链,将笔记本放入拉链电脑套并拉上拉链,办公室,开合/密封,将笔记本放入拉链电脑套并拉上拉链,Office,Open / Close / Seal,Batch 6,Place a notebook in a zippered laptop sleeve and close the zipper
batch6:065,batch6,第六批数据.pdf,18,065,65,旋开大号食品罐盖,旋开大号食品罐盖,厨房,开合/密封,旋开食品罐盖,Kitchen,Open / Close / Seal,Batch 6,Unscrew the lid of a large food-storage jar
batch6:066,batch6,第六批数据.pdf,18,066,66,对准并旋紧大号食品罐盖,对准并旋紧大号食品罐盖,厨房,开合/密封,对准并旋紧食品罐盖,Kitchen,Open / Close / Seal,Batch 6,Align and tighten the lid of a large food-storage jar
batch6:067,batch6,第六批数据.pdf,18,067,67,打开保鲜盒两侧大号卡扣,打开保鲜盒两侧大号卡扣,厨房,开合/密封,打开保鲜盒两侧卡扣,Kitchen,Open / Close / Seal,Batch 6,Open two large side latches on a food-storage container
batch6:068,batch6,第六批数据.pdf,19,068,68,扣合保鲜盒两侧大号卡扣,扣合保鲜盒两侧大号卡扣,厨房,开合/密封,扣合保鲜盒两侧卡扣,Kitchen,Open / Close / Seal,Batch 6,Close two large side latches on a food-storage container
batch6:069,batch6,第六批数据.pdf,19,069,69,旋开宽口水瓶盖,旋开宽口水瓶盖,厨房,开合/密封,旋开水瓶盖,Kitchen,Open / Close / Seal,Batch 6,Unscrew the cap of a wide-mouth water bottle
batch6:070,batch6,第六批数据.pdf,19,070,70,对准并旋紧宽口水瓶盖,对准并旋紧宽口水瓶盖,厨房,开合/密封,对准并旋紧水瓶盖,Kitchen,Open / Close / Seal,Batch 6,Align and tighten the cap of a wide-mouth water bottle
batch6:071,batch6,第六批数据.pdf,19,071,71,将空塑料杯倒置放到沥水垫,将空塑料杯倒置放到沥水垫,厨房,清洗/擦拭/排液,将杯倒置放到沥水垫,Kitchen,Rinse / Wipe / Drain,Batch 6,Invert an empty plastic cup onto a drying mat
batch6:072,batch6,第六批数据.pdf,20,072,72,将两个塑料碗叠放整齐,将两个塑料碗叠放整齐,厨房,抓取/搬运/收纳,将两个碗叠放整齐,Kitchen,Pick / Move / Place,Batch 6,Nest two plastic bowls neatly
batch6:073,batch6,第六批数据.pdf,20,073,73,挤压湿海绵并完全松开,挤压湿海绵并完全松开,厨房,主动触觉/按压/分类,挤压湿海绵并完全松开,Kitchen,Active Tactile / Press / Classify,Batch 6,Squeeze a wet sponge and fully release it
batch6:074,batch6,第六批数据.pdf,20,074,74,双手拧绞湿抹布一次,双手拧绞湿抹布一次,厨房,柔性物/包扎/包装/折叠,双手拧绞湿抹布一次,Kitchen,Flexible Materials / Wrap / Fold,Batch 6,Wring a wet cloth once with both hands
batch6:075,batch6,第六批数据.pdf,20,075,75,打开大号密封保鲜袋,打开大号密封保鲜袋,厨房,开合/密封,打开密封保鲜袋,Kitchen,Open / Close / Seal,Batch 6,Open a large resealable storage bag
batch6:076,batch6,第六批数据.pdf,20,076,76,沿袋口压合大号密封保鲜袋,沿袋口压合大号密封保鲜袋,厨房,开合/密封,沿袋口压合密封保鲜袋,Kitchen,Open / Close / Seal,Batch 6,Press along the seal to close a large resealable storage bag
batch6:077,batch6,第六批数据.pdf,21,077,77,将量杯中的清水倒入碗内目标线,将量杯中的清水倒入碗内目标线,厨房,液体倾倒/容器转移,将量杯中的倒入碗内目标线,Kitchen,Pour / Container Transfer,Batch 6,Pour water from a measuring cup into a bowl to a target line
batch6:078,batch6,第六批数据.pdf,21,078,78,将水壶中的清水倒入宽口水瓶,将水壶中的清水倒入宽口水瓶,厨房,液体倾倒/容器转移,将水壶中的倒入水瓶,Kitchen,Pour / Container Transfer,Batch 6,Pour water from a pitcher into a wide-mouth water bottle
batch6:079,batch6,第六批数据.pdf,21,079,79,使用大号汤勺将清水转移到服务碗,使用大号汤勺将清水转移到服务碗,厨房,液体倾倒/容器转移,使用汤勺将转移到服务碗,Kitchen,Pour / Container Transfer,Batch 6,Use a large ladle to transfer water into a serving bowl
batch6:080,batch6,第六批数据.pdf,21,080,80,用厨房夹将西红柿从托盘夹到碗中,用厨房夹将西红柿从托盘夹到碗中,厨房,抓取/搬运/收纳,用厨房夹将西红柿从托盘夹到碗中,Kitchen,Pick / Move / Place,Batch 6,Use kitchen tongs to move a tomato from a tray into a bowl
batch6:081,batch6,第六批数据.pdf,22,081,81,将鸡蛋从蛋盒取出并放入软垫碗,将鸡蛋从蛋盒取出并放入软垫碗,厨房,抓取/搬运/收纳,将鸡蛋从蛋盒取出并放入软垫碗,Kitchen,Pick / Move / Place,Batch 6,Remove an egg from an egg carton and place it in a padded bowl
batch6:082,batch6,第六批数据.pdf,22,082,82,将鸡蛋从软垫碗放回蛋盒,将鸡蛋从软垫碗放回蛋盒,厨房,抓取/搬运/收纳,将鸡蛋从软垫碗放回蛋盒,Kitchen,Pick / Move / Place,Batch 6,Return an egg from a padded bowl to the egg carton
batch6:083,batch6,第六批数据.pdf,22,083,83,使用湿海绵清洗塑料盘表面,使用湿海绵清洗塑料盘表面,厨房,清洗/擦拭/排液,使用湿海绵清洗盘表面,Kitchen,Rinse / Wipe / Drain,Batch 6,Clean the surface of a plastic plate with a wet sponge
batch6:084,batch6,第六批数据.pdf,22,084,84,用抹布擦干桌面一条清水带,用抹布擦干桌面一条清水带,厨房,清洗/擦拭/排液,用抹布擦干桌面一条带,Kitchen,Rinse / Wipe / Drain,Batch 6,Wipe a strip of water off the tabletop with a cloth
batch6:085,batch6,第六批数据.pdf,23,085,85,用干毛巾擦干塑料碗内壁,用干毛巾擦干塑料碗内壁,厨房,清洗/擦拭/排液,用干毛巾擦干碗内壁,Kitchen,Rinse / Wipe / Drain,Batch 6,Dry the inside of a plastic bowl with a towel
batch6:086,batch6,第六批数据.pdf,23,086,86,用预裁保鲜膜覆盖塑料碗并压紧边缘,用预裁保鲜膜覆盖塑料碗并压紧边缘,厨房,柔性物/包扎/包装/折叠,用预裁保鲜膜覆盖碗并压紧边缘,Kitchen,Flexible Materials / Wrap / Fold,Batch 6,Cover a plastic bowl with pre-cut plastic wrap and press the edges down
batch6:087,batch6,第六批数据.pdf,23,087,87,从塑料碗揭下保鲜膜并放入废弃托盘,从塑料碗揭下保鲜膜并放入废弃托盘,厨房,柔性物/包扎/包装/折叠,从碗揭下保鲜膜并放入废弃托盘,Kitchen,Flexible Materials / Wrap / Fold,Batch 6,Peel plastic wrap off a plastic bowl and place it on a waste tray
batch6:088,batch6,第六批数据.pdf,23,088,88,将保鲜盒四个卡扣全部扣合完成密封,将保鲜盒四个卡扣全部扣合完成密封,厨房,开合/密封,将保鲜盒四个卡扣全部扣合完成密封,Kitchen,Open / Close / Seal,Batch 6,Close all four latches on a food-storage container to seal it
batch6:089,batch6,第六批数据.pdf,24,089,89,将毛巾沿长边对折一次,将毛巾沿长边对折一次,卧室,柔性物/包扎/包装/折叠,将毛巾沿长边对折一次,Bedroom,Flexible Materials / Wrap / Fold,Batch 6,Fold a towel once along its long edge
batch6:090,batch6,第六批数据.pdf,24,090,90,将毛巾卷成圆筒,将毛巾卷成圆筒,卧室,柔性物/包扎/包装/折叠,将毛巾卷成圆筒,Bedroom,Flexible Materials / Wrap / Fold,Batch 6,Roll a towel into a cylinder
batch6:091,batch6,第六批数据.pdf,24,091,91,将T恤折叠成矩形,将T恤折叠成矩形,卧室,柔性物/包扎/包装/折叠,将T恤折叠成矩形,Bedroom,Flexible Materials / Wrap / Fold,Batch 6,Fold a T-shirt into a rectangle
batch6:092,batch6,第六批数据.pdf,25,092,92,将一双袜子上下叠齐,将一双袜子上下叠齐,卧室,柔性物/包扎/包装/折叠,将一双袜子上下叠齐,Bedroom,Flexible Materials / Wrap / Fold,Batch 6,Stack a pair of socks neatly
batch6:093,batch6,第六批数据.pdf,25,093,93,将叠好的袜子放入抽屉分隔盒,将叠好的袜子放入抽屉分隔盒,卧室,柔性物/包扎/包装/折叠,将叠好的袜子放入抽屉分隔盒,Bedroom,Flexible Materials / Wrap / Fold,Batch 6,Place a stacked pair of socks into a drawer organizer
batch6:094,batch6,第六批数据.pdf,25,094,94,将宽肩衣架穿入衬衫,将宽肩衣架穿入衬衫,卧室,插入/拔出/对准,将宽肩衣架穿入衬衫,Bedroom,Insert / Remove / Align,Batch 6,Insert a wide-shoulder hanger into a shirt
batch6:095,batch6,第六批数据.pdf,25,095,95,从衬衫中抽出宽肩衣架,从衬衫中抽出宽肩衣架,卧室,插入/拔出/对准,从衬衫中抽出宽肩衣架,Bedroom,Insert / Remove / Align,Batch 6,Remove a wide-shoulder hanger from a shirt
batch6:096,batch6,第六批数据.pdf,26,096,96,将大号拉链向上拉动约20厘米,将大号拉链向上拉动约20厘米,卧室,开合/密封,将拉链向上拉动,Bedroom,Open / Close / Seal,Batch 6,Pull a large zipper upward by about 20 cm
batch6:097,batch6,第六批数据.pdf,26,097,97,将大号拉链向下拉动约20厘米,将大号拉链向下拉动约20厘米,卧室,开合/密封,将拉链向下拉动,Bedroom,Open / Close / Seal,Batch 6,Pull a large zipper downward by about 20 cm
batch6:098,batch6,第六批数据.pdf,26,098,98,扣上一枚大号衬衫纽扣,扣上一枚大号衬衫纽扣,卧室,开合/密封,扣上一枚衬衫纽扣,Bedroom,Open / Close / Seal,Batch 6,Button one large shirt button
batch6:099,batch6,第六批数据.pdf,26,099,99,解开一枚大号衬衫纽扣,解开一枚大号衬衫纽扣,卧室,开合/密封,解开一枚衬衫纽扣,Bedroom,Open / Close / Seal,Batch 6,Unbutton one large shirt button
batch6:100,batch6,第六批数据.pdf,27,100,100,将挂有外套的衣架挂到衣架杆,将挂有外套的衣架挂到衣架杆,卧室,抓取/搬运/收纳,将挂有外套的衣架挂到衣架杆,Bedroom,Pick / Move / Place,Batch 6,Hang a jacket on a hanger rod
batch6:101,batch6,第六批数据.pdf,27,101,101,从衣架杆取下挂有外套的衣架并平放,从衣架杆取下挂有外套的衣架并平放,卧室,抓取/搬运/收纳,从衣架杆取下挂有外套的衣架并平放,Bedroom,Pick / Move / Place,Batch 6,Remove a jacket on its hanger from a hanger rod and lay it flat
batch6:102,batch6,第六批数据.pdf,27,102,102,将枕芯装入枕套,将枕芯装入枕套,卧室,柔性物/包扎/包装/折叠,将枕芯装入枕套,Bedroom,Flexible Materials / Wrap / Fold,Batch 6,Insert a pillow into a pillowcase
batch6:103,batch6,第六批数据.pdf,27,103,103,将枕芯从枕套中取出,将枕芯从枕套中取出,卧室,柔性物/包扎/包装/折叠,将枕芯从枕套中取出,Bedroom,Flexible Materials / Wrap / Fold,Batch 6,Remove a pillow from a pillowcase
batch6:104,batch6,第六批数据.pdf,27,104,104,将小毯子对折后放入收纳篮,将小毯子对折后放入收纳篮,卧室,柔性物/包扎/包装/折叠,将小毯子对折后放入收纳篮,Bedroom,Flexible Materials / Wrap / Fold,Batch 6,Fold a small blanket and place it in a storage basket
batch6:105,batch6,第六批数据.pdf,28,105,105,将T恤和袜子分别放入两个抽屉分区,将T恤和袜子分别放入两个抽屉分区,卧室,柔性物/包扎/包装/折叠,将T恤和袜子分别放入两个抽屉分区,Bedroom,Flexible Materials / Wrap / Fold,Batch 6,Place a folded T-shirt and socks into separate drawer compartments
batch6:106,batch6,第六批数据.pdf,28,106,106,将折叠毛巾装入拉链洗衣袋并闭合,将折叠毛巾装入拉链洗衣袋并闭合,卧室,开合/密封,将折叠毛巾装入拉链洗衣袋并闭合,Bedroom,Open / Close / Seal,Batch 6,Place a folded towel in a zippered laundry bag and close it
batch6:107,batch6,第六批数据.pdf,28,107,107,将扁平瓦楞纸箱撑成立体箱体,将扁平瓦楞纸箱撑成立体箱体,快递/打包,柔性物/包扎/包装/折叠,将扁平瓦楞纸箱撑成立体箱体,Packing / Shipping,Flexible Materials / Wrap / Fold,Batch 6,Open a flat corrugated box into a three-dimensional box
batch6:108,batch6,第六批数据.pdf,29,108,108,向内折叠纸箱底部两片短盖,向内折叠纸箱底部两片短盖,快递/打包,柔性物/包扎/包装/折叠,向内折叠纸箱底部两片短盖,Packing / Shipping,Flexible Materials / Wrap / Fold,Batch 6,Fold the two short bottom flaps of a box inward
batch6:109,batch6,第六批数据.pdf,29,109,109,向内折叠纸箱底部两片长盖,向内折叠纸箱底部两片长盖,快递/打包,柔性物/包扎/包装/折叠,向内折叠纸箱底部两片长盖,Packing / Shipping,Flexible Materials / Wrap / Fold,Batch 6,Fold the two long bottom flaps of a box inward
batch6:110,batch6,第六批数据.pdf,29,110,110,用双掌压平纸箱底部接缝,用双掌压平纸箱底部接缝,快递/打包,柔性物/包扎/包装/折叠,用双掌压平纸箱底部接缝,Packing / Shipping,Flexible Materials / Wrap / Fold,Batch 6,Press the bottom box seam flat with both palms
batch6:111,batch6,第六批数据.pdf,29,111,111,从胶带器拉出约30厘米包装胶带并切断,从胶带器拉出约30厘米包装胶带并切断,快递/打包,柔性物/包扎/包装/折叠,从胶带器拉出,Packing / Shipping,Flexible Materials / Wrap / Fold,Batch 6,Pull about 30 cm of packing tape from a dispenser and cut it
batch6:112,batch6,第六批数据.pdf,30,112,112,将一条包装胶带贴到纸箱底部接缝,将一条包装胶带贴到纸箱底部接缝,快递/打包,柔性物/包扎/包装/折叠,将一条包装胶带贴到纸箱底部接缝,Packing / Shipping,Flexible Materials / Wrap / Fold,Batch 6,Apply a strip of packing tape to the bottom seam of a box
batch6:113,batch6,第六批数据.pdf,30,113,113,用掌侧压实纸箱接缝上的包装胶带,用掌侧压实纸箱接缝上的包装胶带,快递/打包,柔性物/包扎/包装/折叠,用掌侧压实纸箱接缝上的包装胶带,Packing / Shipping,Flexible Materials / Wrap / Fold,Batch 6,Press packing tape firmly along the box seam with the palm
batch6:114,batch6,第六批数据.pdf,30,114,114,将一张气泡膜平铺到纸箱底部,将一张气泡膜平铺到纸箱底部,快递/打包,柔性物/包扎/包装/折叠,将一张气泡膜平铺到纸箱底部,Packing / Shipping,Flexible Materials / Wrap / Fold,Batch 6,Lay a sheet of bubble wrap flat on the bottom of a box
batch6:115,batch6,第六批数据.pdf,30,115,115,将牛皮纸揉成松散填充垫,将牛皮纸揉成松散填充垫,快递/打包,柔性物/包扎/包装/折叠,将牛皮纸揉成松散填充垫,Packing / Shipping,Flexible Materials / Wrap / Fold,Batch 6,Crumple kraft paper into a loose packing pad
batch6:116,batch6,第六批数据.pdf,31,116,116,翻开大号气泡信封封口盖,翻开大号气泡信封封口盖,快递/打包,开合/密封,翻开气泡信封封口盖,Packing / Shipping,Open / Close / Seal,Batch 6,Flip open the flap of a large bubble mailer
batch6:117,batch6,第六批数据.pdf,31,117,117,撕下气泡信封自粘封口保护条,撕下气泡信封自粘封口保护条,快递/打包,开合/密封,撕下气泡信封自粘封口保护条,Packing / Shipping,Open / Close / Seal,Batch 6,Peel off the protective strip from the adhesive seal of a bubble mailer
batch6:118,batch6,第六批数据.pdf,31,118,118,将待打包物件放入铺有气泡膜的纸箱,将待打包物件放入铺有气泡膜的纸箱,快递/打包,柔性物/包扎/包装/折叠,将待打包物件放入铺有气泡膜的纸箱,Packing / Shipping,Flexible Materials / Wrap / Fold,Batch 6,Place an item into a box lined with bubble wrap
batch6:119,batch6,第六批数据.pdf,31,119,119,用一层气泡膜包裹硬壳书本并用胶带固定,用一层气泡膜包裹硬壳书本并用胶带固定,快递/打包,柔性物/包扎/包装/折叠,用一层气泡膜包裹硬壳书本并用胶带,Packing / Shipping,Flexible Materials / Wrap / Fold,Batch 6,Wrap a hardcover book in one layer of bubble wrap and secure it with tape
batch6:120,batch6,第六批数据.pdf,32,120,120,将两块牛皮纸填充垫放到物件两侧,将两块牛皮纸填充垫放到物件两侧,快递/打包,柔性物/包扎/包装/折叠,将两块牛皮纸填充垫放到物件两侧,Packing / Shipping,Flexible Materials / Wrap / Fold,Batch 6,Place two kraft-paper packing pads on both sides of an item
batch6:121,batch6,第六批数据.pdf,32,121,121,按顺序折合纸箱顶部四片箱盖,按顺序折合纸箱顶部四片箱盖,快递/打包,柔性物/包扎/包装/折叠,按顺序折合纸箱顶部四片箱盖,Packing / Shipping,Flexible Materials / Wrap / Fold,Batch 6,Fold the four top box flaps closed in order
batch6:122,batch6,第六批数据.pdf,32,122,122,使用胶带器封住纸箱顶部中央接缝,使用胶带器封住纸箱顶部中央接缝,快递/打包,柔性物/包扎/包装/折叠,使用胶带器封住纸箱顶部中央接缝,Packing / Shipping,Flexible Materials / Wrap / Fold,Batch 6,Seal the center seam on top of a box with a tape dispenser
batch6:123,batch6,第六批数据.pdf,32,123,123,将大号快递标签贴到纸箱上表面,将大号快递标签贴到纸箱上表面,快递/打包,柔性物/包扎/包装/折叠,将快递标签贴到纸箱上表面,Packing / Shipping,Flexible Materials / Wrap / Fold,Batch 6,Apply a large shipping label to the top of a box
batch6:124,batch6,第六批数据.pdf,32,124,124,从中心向四周压平快递标签,从中心向四周压平快递标签,快递/打包,柔性物/包扎/包装/折叠,从中心向四周压平快递标签,Packing / Shipping,Flexible Materials / Wrap / Fold,Batch 6,Press a shipping label flat from the center outward
batch6:125,batch6,第六批数据.pdf,33,125,125,将物件装入气泡信封并压合自粘封口,将物件装入气泡信封并压合自粘封口,快递/打包,柔性物/包扎/包装/折叠,将物件装入气泡信封并压合自粘封口,Packing / Shipping,Flexible Materials / Wrap / Fold,Batch 6,Place an item in a bubble mailer and press the adhesive flap closed
batch6:126,batch6,第六批数据.pdf,33,126,126,从纸箱顶部揭开一条包装胶带,从纸箱顶部揭开一条包装胶带,快递/打包,柔性物/包扎/包装/折叠,从纸箱顶部揭开一条包装胶带,Packing / Shipping,Flexible Materials / Wrap / Fold,Batch 6,Peel a strip of packing tape off the top of a box
batch6:127,batch6,第六批数据.pdf,33,127,127,用圆头剪刀剪断一条悬空包装胶带,用圆头剪刀剪断一条悬空包装胶带,快递/打包,工具操作/装配/固定,用圆头剪刀剪断一条悬包装胶带,Packing / Shipping,Tool Use / Assembly / Fixing,Batch 6,Cut a suspended strip of packing tape with round-tip scissors
batch6:128,batch6,第六批数据.pdf,33,128,128,将空纸箱沿原折线压扁收纳,将空纸箱沿原折线压扁收纳,快递/打包,柔性物/包扎/包装/折叠,将纸箱沿原折线压扁收纳,Packing / Shipping,Flexible Materials / Wrap / Fold,Batch 6,Flatten an empty box along its original fold lines for storage
